GEOID,borough,tract_name,population,area_km2,pop_density,restroom_count,people_per_restroom,nearest_restroom_dist,Priority_Score,Priority_Class
36081003400,Queens,Census Tract 34,2600,0.21398455210407466,12150.409804981859,1,1300.0,1273.8380067371374,0.015083800258765906,0
36081003900,Queens,Census Tract 39,1474,0.14696884705613814,10029.336349335119,1,737.0,523.5187515475337,-0.567094573481266,0
36081003600,Queens,Census Tract 36,3448,0.1800054053812876,19154.980333487452,0,3448.0,849.4058315773137,0.08677300830389074,0
36081003700,Queens,Census Tract 37,0,0.401216760969952,0.0,3,0.0,679.361293636834,-3.2658569665687307,0
36081003800,Queens,Census Tract 38,2255,0.17621330941610763,12796.990235709578,0,2255.0,1456.8180819142335,0.20062609121008237,0
36081004001,Queens,Census Tract 40.01,2152,0.17428942914242196,12347.277804447202,0,2152.0,881.2998682654969,-0.061458846198806205,0
36081004200,Queens,Census Tract 42,4414,0.20028412741210957,22038.691018772766,1,2207.0,350.51169406425714,-0.4149095396318005,0
36081004300,Queens,Census Tract 43,1912,0.17081050297241432,11193.691059552617,2,637.3333333333334,321.2574390472077,-0.8180764631752622,0
36081077907,Queens,Census Tract 779.07,3437,0.21683146095520361,15851.0208106289,1,1718.5,728.2044600454168,-0.16010591407388217,0
36081024000,Queens,Census Tract 240,7155,0.2695618308920915,26543.075391353246,1,3577.5,466.172781874988,-0.14740119338399893,0
36081024300,Queens,Census Tract 243,5264,0.5401225397038572,9745.936547817815,0,5264.0,1318.2487301280946,0.2786414368159989,0
36081077908,Queens,Census Tract 779.08,3382,0.20049360872212077,16868.36813181097,0,3382.0,1493.1608016349978,0.3393313778775533,0
36081024500,Queens,Census Tract 245,4997,0.2576585854101764,19393.881217057402,1,2498.5,728.1137618644301,-0.05191946114892951,0
36081024900,Queens,Census Tract 249,5424,0.20408315113507725,26577.402249193994,0,5424.0,1129.341239315405,0.37121120533684354,0
36081025100,Queens,Census Tract 251,6018,0.245615159418737,24501.744982850236,2,2006.0,196.06750197292192,-0.7015033906842562,0
36081025500,Queens,Census Tract 255,1685,0.2182423410022615,7720.774952567703,0,1685.0,1302.25221619399,0.004851429425009078,0
36081025700,Queens,Census Tract 257,1458,0.1505846013965775,9682.264896131255,0,1458.0,1779.5844435558565,0.1657088991223006,0
36081097204,Queens,Census Tract 972.04,4273,0.3918305669464753,10905.223738156445,1,2136.5,854.0576749213674,-0.09845102450442479,0
36081100801,Queens,Census Tract 1008.01,3122,1.0063086783321367,3102.427781080479,1,1561.0,1274.0602466828757,-0.16898430790254812,0
36081102900,Queens,Census Tract 1029,3472,0.49050202854806574,7078.462061161014,1,1736.0,347.21157980834187,-0.6519738349558478,0
36047021100,Brooklyn,Census Tract 211,2753,0.27182871247625817,10127.701282624625,1,1376.5,1204.067879817117,-0.030531592299774164,0
36081025800,Queens,Census Tract 258,2560,0.2118414206346339,12084.51110425317,1,1280.0,827.9347809761844,-0.2005152260488999,0
36081026000,Queens,Census Tract 260,2809,0.1783744858126909,15747.767889571942,0,2809.0,665.1321868376463,-0.10640320942103247,0
36081026200,Queens,Census Tract 262,1684,0.14339260159293238,11743.98107916749,0,1684.0,1279.6296301533846,0.06405535071133385,0
36081026300,Queens,Census Tract 263,4953,0.20785882032903752,23828.673674561764,1,2476.5,1104.2369441906703,0.1841359104439975,0
36081026600,Queens,Census Tract 266,1963,0.17299514957782788,11347.138950371995,0,1963.0,1136.6660996627356,0.03125498901953719,0
36047048500,Brooklyn,Census Tract 485,2371,0.581530897963558,4077.169430382666,1,1185.5,830.4179644967902,-0.39049678526618087,0
36081107202,Queens,Census Tract 1072.02,0,23.887686892069304,0.0,0,0.0,6694.573623303148,-2.1418424515532397,0
36081103201,Queens,Census Tract 1032.01,7068,0.4277150882060613,16525.019095409683,1,3534.0,1772.5424078143471,0.4291423877411829,1
36081103202,Queens,Census Tract 1032.02,8045,0.7163696250763202,11230.2360658339,1,4022.5,1623.0861751010366,0.3494564525305078,0
36081103900,Queens,Census Tract 1039,6670,0.8690381046535278,7675.152521257082,1,3335.0,1332.3026928040422,0.15297172551236413,0
36081104700,Queens,Census Tract 1047,7118,0.8417925761962947,8455.764758776131,1,3559.0,973.7319338023369,0.02780396443453248,0
36081105900,Queens,Census Tract 1059,3664,0.6495714847687598,5640.64169366108,0,3664.0,1238.6503493897233,0.08629290046583969,0
36081027000,Queens,Census Tract 270,2026,0.185070265181592,10947.193478174775,0,2026.0,2042.978889585458,0.31984313778266776,0
36081027200,Queens,Census Tract 272,1878,0.1536661912135943,12221.295947848417,0,1878.0,1190.8533970940355,0.05720945641657563,0
36081027400,Queens,Census Tract 274,2060,0.14372306861946904,14333.120074510765,0,2060.0,811.6176954253937,-0.08656866640275891,0
36081027800,Queens,Census Tract 278,2520,0.1753798723814314,14368.80963466141,0,2520.0,1047.307194246895,0.0797266702675913,0
36081027900,Queens,Census Tract 279,8605,0.17715270262469549,48573.91319753111,0,8605.0,1446.1069463582717,0.6835569881105231,1
36081028000,Queens,Census Tract 280,1633,0.16539821394858298,9873.141680403196,0,1633.0,1898.8866082022744,0.22363733891023732,0
36081028100,Queens,Census Tract 281,6271,0.17443921393248707,35949.48554644975,0,6271.0,1005.6796929032319,0.39249329526566495,0
36081028200,Queens,Census Tract 282,2022,0.18247003085075442,11081.27176047792,0,2022.0,1002.8010814994467,-0.028142342351666183,0
36081028400,Queens,Census Tract 284,3581,0.4294499055409102,8338.574426951101,0,3581.0,1170.7252339542508,0.11727172640387913,0
36081094500,Queens,Census Tract 945,4032,2.400491857424734,1679.6557703493152,1,2016.0,2047.9661590508256,0.016491937593710294,0
36081094700,Queens,Census Tract 947,2722,0.27263745124572264,9983.95483658889,0,2722.0,1308.2054813528246,0.1455790484089884,0
36081096400,Queens,Census Tract 964,7271,1.4784525786248217,4917.979856183889,1,3635.5,1673.04407140706,0.21018651067211006,0
36047062000,Brooklyn,Census Tract 620,1807,0.35438020094883194,5099.043330191316,0,1807.0,788.9028861182038,-0.29435577781279626,0
36081097300,Queens,Census Tract 973,2156,0.7203200838075905,2993.11382323737,1,1078.0,878.0856132432111,-0.43233213862932884,0
36081098100,Queens,Census Tract 981,2456,1.5734823056549643,1560.8691570113886,0,2456.0,2584.953746812858,0.15890447328728685,0
36081098700,Queens,Census Tract 987,2593,1.398897004603609,1853.6032255889713,2,864.3333333333334,1721.6837618083723,-0.2237949067183007,0
36081099100,Queens,Census Tract 991,6777,1.517772668547634,4465.095557745781,0,6777.0,2602.4974993751384,0.5374272542752071,1
36081099200,Queens,Census Tract 992,4100,0.9060560748632075,4525.106242038056,0,4100.0,1200.2880033135825,0.057863622038022165,0
36047080800,Brooklyn,Census Tract 808,2071,0.3218349101395244,6434.976240154195,0,2071.0,1587.8116336557391,0.11439131777535423,0
36081099900,Queens,Census Tract 999,0,0.6483744226877937,0.0,1,0.0,1352.3257856464138,-2.92780562274134,0
36047123700,Brooklyn,Census Tract 1237,9320,0.32135756554188283,29001.962297929207,0,9320.0,1862.5954357086214,0.7404854344310433,1
36081112300,Queens,Census Tract 1123,2498,0.27926978207342074,8944.755789379566,0,2498.0,2159.2118868554603,0.35660520854281136,0
36081109700,Queens,Census Tract 1097,1855,0.4451422196979472,4167.2075078807775,1,927.5,526.0546663284205,-0.6605697963235416,0
36081109900,Queens,Census Tract 1099,3457,0.37869089093615393,9128.8174147892,0,3457.0,1905.3106493534774,0.36406212572937385,0
36081112900,Queens,Census Tract 1129,2289,0.3549650696346892,6448.521828797731,0,2289.0,2131.16535837379,0.2795396968426632,0
36081113900,Queens,Census Tract 1139,3885,0.38337629801121115,10133.646811640896,0,3885.0,1228.024503852789,0.1887766972232862,0
36081114100,Queens,Census Tract 1141,2506,0.4480847278204176,5592.69228431358,1,1253.0,1322.8910259801858,-0.09945582535207632,0
36081029100,Queens,Census Tract 291,6487,0.2614714270160939,24809.594203196502,0,6487.0,1080.55151521802,0.374524965698983,0
36081029300,Queens,Census Tract 293,1105,0.15133596540179906,7301.6351206813915,0,1105.0,1308.0840329213263,-0.08717522957044233,0
36081029500,Queens,Census Tract 295,3652,0.18296577321588417,19960.01730712196,0,3652.0,1970.6552878906934,0.5184203115483995,1
36081029700,Queens,Census Tract 297,2450,0.5192126355872464,4718.683314070295,1,1225.0,760.6388346924465,-0.40330705913088094,0
36081028700,Queens,Census Tract 287,6697,0.19562299145739154,34234.21730803389,1,3348.5,1240.5420828391416,0.36091928767443876,0
36081028900,Queens,Census Tract 289,4932,0.17261807915361546,28571.746506407002,0,4932.0,1308.2896391601987,0.43596699466602545,1
36081029900,Queens,Census Tract 299,0,0.4082496506259322,0.0,0,0.0,2083.7429028652296,-2.7154075829624014,0
36081031700,Queens,Census Tract 317,5816,0.7676280040506097,7576.586535809279,0,5816.0,3575.8934229713186,0.7483138683225142,1
36081032000,Queens,Census Tract 320,5514,1.0532001311445534,5235.47219274244,2,1838.0,764.6606991747982,-0.3019675462703192,0
36081032800,Queens,Census Tract 328,3121,0.36801434417198575,8480.647696007874,1,1560.5,818.7208047099359,-0.22336264877788267,0
36081032900,Queens,Census Tract 329,3823,0.43691239881451444,8750.037788749058,1,1911.5,995.8617558596088,-0.0811566356347007,0
36081033000,Queens,Census Tract 330,6722,0.8173128172955293,8224.513133469452,0,6722.0,2021.5368218540666,0.5105837344846641,1
36081033100,Queens,Census Tract 331,0,5.030986611881222,0.0,1,0.0,3725.531106405133,-2.429887515388117,0
36081033900,Queens,Census Tract 339,2925,0.15083269088126292,19392.347792181146,1,1462.5,765.0141389901333,-0.13580640225275634,0
36081039400,Queens,Census Tract 394,3201,0.34823779724631915,9191.994738399508,0,3201.0,1104.9826048659495,0.08201082662078914,0
36081039800,Queens,Census Tract 398,1545,0.2005890534683287,7702.314624282039,0,1545.0,1511.5350801775207,0.060156167342522084,0
36081040200,Queens,Census Tract 402,1712,0.21831183640038504,7841.993490724814,0,1712.0,2856.7270281129618,0.39654776354952653,0
36081040400,Queens,Census Tract 404,3998,0.4794092653196896,8339.429980215278,1,1999.0,1174.3714122717438,0.0010725121664562354,0
36081041100,Queens,Census Tract 411,4010,0.13767483701274325,29126.60067016337,0,4010.0,1058.1687115455245,0.2930659565872858,0
36081041400,Queens,Census Tract 414,4515,0.4732142722815686,9541.132346307419,0,4515.0,1109.8790395721621,0.1596915116918237,0
36081041500,Queens,Census Tract 415,3941,0.17093867109395267,23055.052287342965,1,1970.5,834.0727666707842,-0.0051522229456980595,0
36081042700,Queens,Census Tract 427,4226,0.17055301136120266,24778.219782059674,0,4226.0,899.9827082630412,0.1979608470727925,0
36081043400,Queens,Census Tract 434,1861,0.20534958825631205,9062.594260852122,0,1861.0,1038.2122280623937,-0.060426413411843884,0
36081045000,Queens,Census Tract 450,2137,0.17557035388288844,12171.758800608523,0,2137.0,1129.2699565693122,0.056561806413812636,0
36081045400,Queens,Census Tract 454,4776,0.23099301660598343,20675.94973291624,0,4776.0,749.9389201027512,0.10381276121337042,0
36081045500,Queens,Census Tract 455,12756,0.1482356243231075,86052.18926454475,0,12756.0,1271.466246637043,0.7924930152295361,1
36081045600,Queens,Census Tract 456,1195,0.16223061604412178,7366.05721619769,0,1195.0,2027.8826087014036,0.14543888653080791,0
36081044602,Queens,Census Tract 446.02,5354,0.1700748534130566,31480.256443301896,0,5354.0,1270.1801796481188,0.45373277452278193,1
36081044800,Queens,Census Tract 448,2726,0.20799868888400963,13105.851842749607,0,2726.0,1238.7730860560457,0.16315663801504734,0
36081045800,Queens,Census Tract 458,2436,0.24527706281567999,9931.625778765125,0,2436.0,2450.7130963453938,0.4307033134361251,1
36081046200,Queens,Census Tract 462,6178,0.24960914345032714,24750.69588638462,0,6178.0,1992.9289515580654,0.6649797773505072,1
36081046300,Queens,Census Tract 463,4116,0.1594129960493591,25819.726760078967,0,4116.0,2539.4375598794927,0.7088674287287312,1
36081046400,Queens,Census Tract 464,2123,0.2287669316179692,9280.187416008697,0,2123.0,3681.3241549120926,0.5918915088379256,1
36081046500,Queens,Census Tract 465,4574,0.12975360074748732,35251.43020039523,0,4574.0,2336.8227529931632,0.7397551407307855,1
36081046600,Queens,Census Tract 466,4627,0.24053286369413332,19236.4566277471,0,4627.0,3469.5493595646712,0.8381906874973383,1
36081046700,Queens,Census Tract 467,7445,0.14185812508874793,52482.013246279195,0,7445.0,2444.9872400941117,0.924856464586508,1
36081046800,Queens,Census Tract 468,3735,0.22941619275350342,16280.454989561598,0,3735.0,2498.6853675577104,0.6066007077654768,1
36081047000,Queens,Census Tract 470,3341,0.2293205391431069,14569.126744966605,0,3341.0,1910.4969629118903,0.4342180858295059,1
36081047100,Queens,Census Tract 471,4362,0.15809444050899282,27591.103051798196,0,4362.0,885.3099455961726,0.213704452707842,0
36081047200,Queens,Census Tract 472,3952,0.5208663384230335,7587.359190776296,0,3952.0,3376.9451797087927,0.6423631569332702,1
36081047300,Queens,Census Tract 473,4177,0.1984888330074835,21044.00502895051,1,2088.5,515.9117573143316,-0.24397104456721466,0
36081047500,Queens,Census Tract 475,4987,0.2819760061645852,17685.901959648163,1,2493.5,1174.9253139217003,0.1677051646550939,0
36081004500,Queens,Census Tract 45,2750,0.22037181929324298,12478.909548505599,0,2750.0,1580.1385149644868,0.2765457309665437,0
36081004700,Queens,Census Tract 47,4254,0.17924679782075256,23732.64154070978,0,4254.0,911.3118679149613,0.19845405422658524,0
36081005000,Queens,Census Tract 50,0,0.15272804899554526,0.0,0,0.0,1468.6470191322665,-2.887272115913415,0
36081005300,Queens,Census Tract 53,5509,0.1964943549454414,28036.428840562003,0,5509.0,1508.1850404374384,0.5250973159780934,1
36081005400,Queens,Census Tract 54,5363,0.41610156456939035,12888.680208520702,1,2681.5,1001.7873920253016,0.05284194269155786,0
36081005800,Queens,Census Tract 58,6012,0.5904184161432855,10182.609206656216,1,3006.0,1470.1365530128455,0.2261385170735782,0
36081006100,Queens,Census Tract 61,5186,0.19505402069633365,26587.506278959154,0,5186.0,1585.7997708579026,0.5289494151908272,1
36081030904,Queens,Census Tract 309.04,2616,0.41441069910158085,6312.578332729684,0,2616.0,1991.0280464721661,0.2696371475187986,0
36081043702,Queens,Census Tract 437.02,6925,0.1752994688066598,39503.827633600406,0,6925.0,961.155160309566,0.4055673499614713,0
36081044301,Queens,Census Tract 443.01,3543,0.13364836566400512,26509.86401814429,0,3543.0,1263.6995691321663,0.3399893206385915,0
36081036500,Queens,Census Tract 365,2944,0.1661951179780608,17714.118415852827,0,2944.0,1007.9169460581945,0.12620823610310347,0
36081036600,Queens,Census Tract 366,3089,0.3696506582061904,8356.538616730832,0,3089.0,1913.9973065819395,0.3292476102209642,0
36081035800,Queens,Census Tract 358,4210,0.5244840722491233,8026.935845632893,0,4210.0,1532.123137105956,0.2759371604134986,0
36081036700,Queens,Census Tract 367,2492,0.195574455633897,12741.950332536608,0,2492.0,1270.1841873533604,0.1527691268186754,0
36081036800,Queens,Census Tract 368,2842,0.2328416143413817,12205.721936943753,0,2842.0,1086.062846685716,0.09543203996038625,0
36081065401,Queens,Census Tract 654.01,3288,0.4309896118032108,7628.954178833655,1,1644.0,1291.8102353540396,-0.006014591115245517,0
36081065402,Queens,Census Tract 654.02,0,0.27020951434298324,0.0,1,0.0,599.6191654803429,-3.327137586659512,0
36081037100,Queens,Census Tract 371,1506,0.18747040453296143,8033.267991029549,0,1506.0,623.2325468852358,-0.3732417246552207,0
36081037300,Queens,Census Tract 373,2484,0.23726294710747747,10469.397056232196,0,2484.0,850.1627560797732,-0.0768668544698254,0
36081037600,Queens,Census Tract 376,6982,0.7697463237305107,9070.520747877465,1,3491.0,896.3059837715222,-0.005410965984277927,0
36081038100,Queens,Census Tract 381,7308,0.28531298812652184,25613.975893586983,1,3654.0,809.8176324683993,0.12212564273092562,0
36081007700,Queens,Census Tract 77,1935,0.12667519862140733,15275.286883765713,0,1935.0,1964.3950492549884,0.34525097351187667,0
36081008600,Queens,Census Tract 86,3068,0.3327116281469313,9221.198600985228,0,3068.0,1775.4548262507071,0.3069015095942412,0
36081008700,Queens,Census Tract 87,3299,0.2557624060445648,12898.69004213689,1,1649.5,992.1222975800758,-0.049917654965070855,0
36081008800,Queens,Census Tract 88,3624,0.4485216814750055,8079.876959531002,0,3624.0,1635.0789829494179,0.2786770613359837,0
36081007900,Queens,Census Tract 79,2683,0.16050502686773632,16715.987357897007,0,2683.0,1241.915828122848,0.2005982619128784,0
36081008100,Queens,Census Tract 81,1301,0.11232056511333646,11582.918931072265,0,1301.0,645.3999521813254,-0.3263611733651063,0
36081008300,Queens,Census Tract 83,2534,0.1913348480793573,13243.797590645945,1,1267.0,87.07373684295146,-1.2898241661096226,0
36081009100,Queens,Census Tract 91,1790,0.18632762341504228,9606.734456183123,0,1790.0,1240.294806662671,0.02851100733626591,0
36081009400,Queens,Census Tract 94,2874,0.17242942337505685,16667.688981066003,0,2874.0,904.526479991469,0.05833881105344949,0
36081009500,Queens,Census Tract 95,2057,0.1645063424426514,12504.07716478829,1,1028.5,755.711885073892,-0.2839575072176456,0
36081009600,Queens,Census Tract 96,3308,0.20646761756273685,16021.882942465965,0,3308.0,2088.6637337008883,0.4914155797302424,1
36081009800,Queens,Census Tract 98,2358,0.13574881755357734,17370.31704949728,0,2358.0,1852.88721028813,0.37728222829759583,0
36081009900,Queens,Census Tract 99,0,0.24921472082530757,0.0,2,0.0,394.2063733082817,-3.5328859253231264,0
36081034700,Queens,Census Tract 347,3636,0.38276869607300235,9499.209411070897,0,3636.0,2077.169584394437,0.4231317096339487,1
36081035200,Queens,Census Tract 352,2776,0.6062216125572163,4579.183490819532,0,2776.0,2017.7699082250463,0.2361919805851975,0
36081035300,Queens,Census Tract 353,1942,0.15511110013563476,12520.058192494573,1,971.0,1029.1666517699773,-0.14371613649656798,0
36081026501,Queens,Census Tract 265.01,2976,0.10768590441497725,27635.92891908785,0,2976.0,1663.6603678120368,0.4465809297652375,1
36081037502,Queens,Census Tract 375.02,2683,0.10012130092446349,26797.494391569973,0,2683.0,1313.6024395895738,0.3046045889901725,0
36081089202,Queens,Census Tract 892.02,0,1.6042349068735202,0.0,0,0.0,5760.455025528886,-2.21570418117323,0
36081027301,Queens,Census Tract 273.01,3004,0.09863994970745175,30454.192331903254,0,3004.0,2258.9891396353073,0.6144934613204827,1
36081000104,Queens,Census Tract 1.04,303,0.6257205073611509,484.2417603952936,0,303.0,2622.574016026649,-0.4455442046823708,0
36081027101,Queens,Census Tract 271.01,5428,0.08991832430586086,60365.89362515738,0,5428.0,891.58425283118,0.38815319866498893,0
36081040702,Queens,Census Tract 407.02,3888,0.1290643098076896,30124.51703955383,0,3888.0,1208.3422436215176,0.35746025097737916,0
36081040302,Queens,Census Tract 403.02,3941,0.11132559903881255,35400.66286664229,1,1970.5,475.37579830822256,-0.2116144317030085,0
36081040102,Queens,Census Tract 401.02,4638,0.12404224343487646,37390.48788193677,0,4638.0,1033.6275859070818,0.3513861481725722,0
36081027302,Queens,Census Tract 273.02,4169,0.11661143529021499,35751.210759257556,1,2084.5,982.401916772675,0.15763474636901656,0
36081040902,Queens,Census Tract 409.02,3176,0.08160254940015675,38920.352652534886,0,3176.0,1825.0625961222422,0.5606687069056137,1
36081043900,Queens,Census Tract 439,3450,0.1647484125453876,20941.021201339572,0,3450.0,1707.1228298737506,0.4441688581738539,1
36081044000,Queens,Census Tract 440,3734,0.3785578723490035,9863.749436327973,2,1244.6666666666667,430.9177758835783,-0.5595126941002728,0
36081044601,Queens,Census Tract 446.01,3775,0.22477407267721525,16794.64163743233,0,3775.0,1371.9067325327308,0.3192226271150451,0
36081007500,Queens,Census Tract 75,4619,0.12922439408391043,35744.02521091106,0,4619.0,1964.0246427005175,0.6585871279783131,1
36081006300,Queens,Census Tract 63,6052,0.21249787471079326,28480.28484160931,0,6052.0,1385.599274465374,0.5049873400879461,1
36081007100,Queens,Census Tract 71,3298,0.19506130896212337,16907.50470991866,1,1649.0,504.46949387578815,-0.3381348970234425,0
36081010000,Queens,Census Tract 100,3184,0.22335147032229172,14255.558718308645,0,3184.0,2381.542033088325,0.529256273353358,1
36081010300,Queens,Census Tract 103,4288,0.25046162335070954,17120.387317763714,0,4288.0,2177.0706902977126,0.5749359284338023,1
36081010500,Queens,Census Tract 105,4930,0.19801844966907806,24896.6700236208,0,4930.0,2375.4274513602304,0.7066156320470863,1
36081010600,Queens,Census Tract 106,2998,0.17300606914979205,17328.871840931042,1,1499.0,450.72651041040336,-0.40866195179814996,0
36081010701,Queens,Census Tract 107.01,0,2.9682049484997273,0.0,0,0.0,3130.5660976597965,-2.515393554347857,0
36081011000,Queens,Census Tract 110,2951,0.16504322240671623,17880.164704539315,0,2951.0,1643.002565409087,0.36821160013966897,0
36081011200,Queens,Census Tract 112,2505,0.1891906383758731,13240.612862795091,1,1252.5,841.9799885163944,-0.18184244786852224,0
36081011300,Queens,Census Tract 113,4627,0.17867379240885073,25896.355238334316,1,2313.5,345.9861113744644,-0.38563526689119093,0
36081010200,Queens,Census Tract 102,2837,0.2138594968488464,13265.719043588517,0,2837.0,3009.6454086478093,0.6093155228057519,1
36081011500,Queens,Census Tract 115,2369,0.18555461673350793,12767.130463815616,0,2369.0,1390.5433623777317,0.18733606815689866,0
36081011700,Queens,Census Tract 117,4268,0.21282319957432308,20054.204656901184,0,4268.0,907.51466529675,0.16978914773042122,0
36081011800,Queens,Census Tract 118,2551,0.1570886221439296,16239.241042312362,0,2551.0,1560.437456260691,0.29787287626907494,0
36081012200,Queens,Census Tract 122,2894,0.21018181094451166,13769.031615985175,0,2894.0,1578.0263698079987,0.30213154477889465,0
36081012301,Queens,Census Tract 123.01,3063,0.5915082872736784,5178.287550488391,1,1531.5,1160.3601257507448,-0.1357900026534149,0
36081012400,Queens,Census Tract 124,3139,0.19765843691943116,15880.93100867487,0,3139.0,2169.3265107795883,0.4980107794993342,1
36081012602,Queens,Census Tract 126.02,2413,0.14897409020452276,16197.447466786025,0,2413.0,1111.4677555545172,0.11956842355994975,0
36081013200,Queens,Census Tract 132,1996,0.1923535704943532,10376.724460431034,1,998.0,781.5254608079117,-0.30374940527248007,0
36081013400,Queens,Census Tract 134,5778,0.19080640186820771,30282.0028228976,0,5778.0,1674.9698842967466,0.5987352352851394,1
36081013500,Queens,Census Tract 135,1014,0.13575656883755852,7469.251828346637,0,1014.0,2329.137254070544,0.18259269649256837,0
36081013600,Queens,Census Tract 136,2102,0.15140486245445756,13883.305766565321,0,2102.0,2239.6490429188743,0.4109231155051305,0
36081013700,Queens,Census Tract 137,1959,0.19992869040599673,9798.49363301407,0,1959.0,1151.5143537966794,0.013451037117088888,0
36081013800,Queens,Census Tract 138,3923,0.1697543232725181,23109.867980812145,0,3923.0,2007.7722217332744,0.5657803807763672,1
36081014000,Queens,Census Tract 140,4096,0.2221040953856905,18441.803123383077,0,4096.0,1284.3395550789621,0.3184629223625395,0
36081014202,Queens,Census Tract 142.02,2877,0.6181267798795433,4654.384979988493,0,2877.0,1490.6441937588902,0.0972937735098226,0
36081014500,Queens,Census Tract 145,2406,0.12774124067230688,18834.95093156394,0,2406.0,1585.871060215641,0.31801452282358084,0
36081015000,Queens,Census Tract 150,2462,0.1471154783114814,16735.15274026647,0,2462.0,470.2190749124106,-0.2933474970434686,0
36081015200,Queens,Census Tract 152,2670,0.18529365159020295,14409.560052845174,0,2670.0,2159.5156542787213,0.44735191922132583,1
36081015400,Queens,Census Tract 154,2016,0.1501414106681851,13427.341537741324,0,2016.0,938.5283042867087,-0.03016664622188948,0
36081015500,Queens,Census Tract 155,2015,0.14750614147048488,13660.448167869605,0,2015.0,615.4111250634637,-0.23465831003427504,0
36081015600,Queens,Census Tract 156,3267,0.20947493901747766,15596.137730477707,0,3267.0,1595.2828502618834,0.3521418999474424,0
36081015700,Queens,Census Tract 157,1786,0.128462754831113,13902.862369314847,1,893.0,1576.0881314831297,0.06569159151374183,0
36081014700,Queens,Census Tract 147,3221,0.14794771420950956,21771.204896337396,0,3221.0,736.3204328730328,0.023611639286411912,0
36081014800,Queens,Census Tract 148,1803,0.1570565008560375,11479.945052721387,1,901.5,249.6551740030374,-0.8675370498657603,0
36081014900,Queens,Census Tract 149,2315,0.10659455539566953,21717.807175112514,0,2315.0,922.472097725548,0.06716992201288212,0
36081018502,Queens,Census Tract 185.02,2981,0.09839151299485153,30297.328593330858,2,993.6666666666666,154.93418480669015,-0.9240255694881555,0
36081016300,Queens,Census Tract 163,3998,0.21824049441934995,18319.2400229713,0,3998.0,1761.1369459452405,0.46758402358971,1
36081016600,Queens,Census Tract 166,4140,0.20287973973840434,20406.1775973203,0,4140.0,2351.8792505413658,0.6342274909556539,1
36081016800,Queens,Census Tract 168,3148,0.21138044287034038,14892.579262552525,0,3148.0,2768.839260747254,0.6080813017231314,1
36081016900,Queens,Census Tract 169,5387,0.23107667526652292,23312.608223165127,0,5387.0,1079.9110646472232,0.3266183486707297,0
36081017000,Queens,Census Tract 170,2527,0.21745786552787702,11620.641975243021,0,2527.0,1217.9916599711266,0.12005695634593133,0
36081066402,Queens,Census Tract 664.02,3482,0.3932456928709748,8854.515289357425,0,3482.0,1501.8175442022277,0.24366699350152862,0
36081017200,Queens,Census Tract 172,1790,0.1910630635505056,9368.63445365426,1,895.0,1012.495737038687,-0.21514952894250128,0
36081017400,Queens,Census Tract 174,2804,0.19057397387729327,14713.446663002573,0,2804.0,1182.4569610489636,0.16474228677524708,0
36081017600,Queens,Census Tract 176,2305,0.18983448447778525,12142.156396614731,0,2305.0,1474.6418242803536,0.20252105467284476,0
36081018000,Queens,Census Tract 180,1515,0.13824104614971547,10959.118454292153,0,1515.0,1128.0094808673518,-0.03044464632155193,0
36081025301,Queens,Census Tract 253.01,3813,0.12719045227655862,29978.665314509155,0,3813.0,1810.407296964816,0.5513477213205463,1
36081018200,Queens,Census Tract 182,2811,0.2607423725176801,10780.756395124827,0,2811.0,1732.3372274546912,0.30246174461182335,0
36081025302,Queens,Census Tract 253.02,3184,0.10502726775355595,30315.936690566705,0,3184.0,1020.7686202180643,0.23528901151648385,0
36081097205,Queens,Census Tract 972.05,3249,0.17609852733286602,18449.89875388711,0,3249.0,781.5988020887528,0.027845063645740003,0
36081066404,Queens,Census Tract 664.04,0,0.9830453135114823,0.0,0,0.0,3875.5323029231354,-2.4104885588716054,0
36081033403,Queens,Census Tract 334.03,4329,0.2547930669084753,16990.258222194985,1,2164.5,940.5128089289956,0.023342546520635107,0
36081033404,Queens,Census Tract 334.04,6406,0.24176332599217612,26496.988216514317,2,2135.3333333333335,664.6904223372109,-0.07782735823486754,0
36081000102,Queens,Census Tract 1.02,6324,0.11295497017668764,55986.91221915959,1,3162.0,526.1666931097269,0.007943788827002732,0
36081053501,Queens,Census Tract 535.01,1249,0.17788238002861362,7021.493639780902,0,1249.0,2085.183203143289,0.16029297173444063,0
36081026502,Queens,Census Tract 265.02,1354,0.06983849639809729,19387.588075806412,0,1354.0,1956.7792367264615,0.3098637649740397,0
36081048301,Queens,Census Tract 483.01,2076,0.08738909051931305,23755.825671869217,0,2076.0,1129.523753401088,0.1591353067178722,0
36081039902,Queens,Census Tract 399.02,1970,0.06360410344097304,30972.84441448393,0,1970.0,605.7299204596784,-0.11440933178689609,0
36047070601,Brooklyn,Census Tract 706.01,2584,0.4609808371600078,5605.439080547042,0,2584.0,1461.1297304505804,0.09588757799877323,0
36047088002,Brooklyn,Census Tract 880.02,1166,0.101051786295007,11538.638184940353,0,1166.0,1973.9996051865148,0.19993989969231687,0
36047070602,Brooklyn,Census Tract 706.02,0,2.0923671653948697,0.0,2,0.0,1998.410328743538,-2.7359519104014094,0
36047006901,Brooklyn,Census Tract 69.01,1724,0.07443425358011885,23161.379567598364,0,1724.0,1080.425162783355,0.09568614280600661,0
36047006902,Brooklyn,Census Tract 69.02,1981,0.10464275688936267,18931.076157468633,0,1981.0,1190.2139379015678,0.13860980705926929,0
36047033701,Brooklyn,Census Tract 337.01,2755,0.0986720453320185,27920.77523811112,0,2755.0,1513.3925471867378,0.38615156275367074,0
36047033702,Brooklyn,Census Tract 337.02,1847,0.09891347786601468,18672.88502889255,0,1847.0,1844.128384479065,0.33734180152414694,0
36047088001,Brooklyn,Census Tract 880.01,1882,0.08142574114873662,23113.084062228405,0,1882.0,2166.716505823705,0.45489010553337755,1
36081018401,Queens,Census Tract 184.01,2048,0.19034321233255044,10759.51159436103,0,2048.0,1242.592066808935,0.0749646411672651,0
36081018700,Queens,Census Tract 187,2968,0.24144889758090726,12292.456208069665,0,2968.0,1739.6167389344464,0.33675222694140067,0
36081018402,Queens,Census Tract 184.02,2829,0.2125466956670221,13310.016376034098,0,2829.0,896.0835153788266,0.014110725489161655,0
36081018600,Queens,Census Tract 186,1792,0.18094655297466533,9903.476858445054,0,1792.0,963.0108853400069,-0.09060915876888749,0
36081018800,Queens,Census Tract 188,1302,0.17886845603527918,7279.092294189645,1,651.0,873.795223193795,-0.39259444146269695,0
36081026902,Queens,Census Tract 269.02,4310,0.0784794037366328,54918.867814845136,0,4310.0,842.801742295644,0.29862030517576543,0
36081019200,Queens,Census Tract 192,2133,0.20104442446082962,10609.595395248485,0,2133.0,1398.320618557544,0.1389010749429066,0
36081030903,Queens,Census Tract 309.03,4284,0.3516976540443989,12180.917190477423,0,4284.0,1313.10859497751,0.27123192401358337,0
36081019600,Queens,Census Tract 196,3532,0.22289632178349644,15845.932188287525,0,3532.0,1834.4229692667307,0.4390902539886506,1
36081018900,Queens,Census Tract 189,3111,0.21770507622088767,14289.974556420177,0,3111.0,1593.604468572057,0.32757583394639384,0
36081019000,Queens,Census Tract 190,2542,0.18826195404340393,13502.46263466457,0,2542.0,2090.899641750158,0.4110337886653337,0
36081020400,Queens,Census Tract 204,2006,0.28664051578225364,6998.312832802245,0,2006.0,2150.9094999951667,0.27067061590376845,0
36081020600,Queens,Census Tract 206,1424,0.14861212818684513,9581.990496829785,0,1424.0,1929.4227902798918,0.1989764273469886,0
36081020800,Queens,Census Tract 208,3974,0.5432499682832724,7315.232824694425,1,1987.0,639.6518437220237,-0.31967718407117285,0
36081021200,Queens,Census Tract 212,2651,0.23976116770596162,11056.836373316026,1,1325.5,613.2563005667268,-0.35519643166383696,0
36081021400,Queens,Census Tract 214,5943,0.3807482206519678,15608.740048275484,0,5943.0,1867.4496625547654,0.5505219265822082,1
36081021900,Queens,Census Tract 219,0,1.3920579492396787,0.0,0,0.0,3341.369525873703,-2.4833693199672875,0
36081022001,Queens,Census Tract 220.01,6824,0.39570447728932406,17245.1927932333,2,2274.6666666666665,1140.9281073486613,0.13064635391031146,0
36081022900,Queens,Census Tract 229,0,1.3405904172948886,0.0,0,0.0,3224.268082209329,-2.5009006553681132,0
36081023000,Queens,Census Tract 230,1806,0.1657999086408115,10892.647739104088,0,1806.0,2222.4047143455814,0.3371834774136229,0
36081043701,Queens,Census Tract 437.01,3398,0.1456129795667031,23335.831806418242,0,3398.0,773.7499962740394,0.06999922657183959,0
36081061302,Queens,Census Tract 613.02,0,0.4870282107543379,0.0,0,0.0,1510.2499703933229,-2.873549993997002,0
36081071306,Queens,Census Tract 713.06,7012,0.18133589395401814,38668.5716054542,0,7012.0,1470.6661349116216,0.613533016407754,1
36081077906,Queens,Census Tract 779.06,3584,0.2890741015885967,12398.205097946347,1,1792.0,729.7969406743113,-0.19036977214303832,0
36081057900,Queens,Census Tract 579,1636,0.06834806603778552,23936.302734528792,0,1636.0,991.569304370489,0.04829119989678274,0
36081058000,Queens,Census Tract 580,4369,0.5504461467761522,7937.197899537163,0,4369.0,2647.5763516218412,0.5503536524411077,1
36081058100,Queens,Census Tract 581,2844,0.14360315452660552,19804.578871372138,0,2844.0,1022.4640960649185,0.14433394074482347,0
36081058900,Queens,Census Tract 589,5136,0.16527135114359254,31076.166343782683,2,1712.0,616.4376663378335,-0.13361521172152777,0
36081090700,Queens,Census Tract 907,1545,2.354872692087723,656.0864225022175,1,772.5,1108.9978815483287,-0.630591902657251,0
36081092800,Queens,Census Tract 928,3440,1.6603219357361465,2071.8873406167386,0,3440.0,4445.046443647421,0.539197921653991,1
36081092900,Queens,Census Tract 929,7078,3.4036905832828435,2079.507471908126,2,2359.3333333333335,2397.994319349173,0.16034961770793543,0
36081091602,Queens,Census Tract 916.02,0,2.402175799903299,0.0,0,0.0,13126.42096327838,-1.810889301045506,0
36081091800,Queens,Census Tract 918,8,3.420772122616095,2.3386532961692463,0,8.0,10381.620451884233,-1.2869933751598424,0
36081092200,Queens,Census Tract 922,2098,1.3337136311139648,1573.0513290530564,0,2098.0,6622.974854876669,0.5907177733821656,1
36081093800,Queens,Census Tract 938,5081,2.1106354882892333,2407.33183355994,4,1016.2,416.9928591553338,-0.8449564237084312,0
36081049301,Queens,Census Tract 493.01,2317,0.16413554329140484,14116.381824053904,0,2317.0,1980.8355293225302,0.37294974318652924,0
36081049302,Queens,Census Tract 493.02,3126,0.2693509182265672,11605.677903687463,1,1563.0,489.7924909324466,-0.4243774534882178,0
36081049500,Queens,Census Tract 495,1299,0.1290362979042476,10066.934816774838,0,1299.0,933.3808810604477,-0.16826459856771728,0
36081049600,Queens,Census Tract 496,2967,0.2731157536943816,10863.525665824804,0,2967.0,1957.4292393554454,0.37462694951689796,0
36081049700,Queens,Census Tract 497,2992,0.1975656047336952,15144.3365055016,0,2992.0,1528.499384876183,0.30861253257337884,0
36081049900,Queens,Census Tract 499,5289,0.4623824900140895,11438.581940762584,2,1763.0,532.6423381469126,-0.36126689100768977,0
36081060100,Queens,Census Tract 601,2405,0.1544248420548776,15573.919118177506,0,2405.0,1336.0993503302973,0.20295002298937972,0
36081059100,Queens,Census Tract 591,4920,0.20205665386356111,24349.6064392031,0,4920.0,1062.1488985259512,0.30720541663326767,0
36081059200,Queens,Census Tract 592,1343,0.22613425638492324,5938.949814458718,0,1343.0,2967.89957243451,0.3212769890170302,0
36081059300,Queens,Census Tract 593,4062,0.25214222071133957,16109.955677158514,0,4062.0,1811.903294032802,0.4639379902134526,1
36081059400,Queens,Census Tract 594,1766,0.22204422658172582,7953.370493738122,0,1766.0,2418.046922648512,0.32318083797160607,0
36081059800,Queens,Census Tract 598,1648,0.20647062347621978,7981.765019418407,2,549.3333333333334,256.7742929824438,-1.012571892548828,0
36081059900,Queens,Census Tract 599,1439,0.12708000028413977,11323.575675027714,0,1439.0,591.9243381335945,-0.3521230339005445,0
36081060000,Queens,Census Tract 600,1041,0.17671699099853358,5890.774815244779,0,1041.0,2193.3383305047696,0.11993019304794729,0
36081060600,Queens,Census Tract 606,1276,0.21529297768171063,5926.807338260887,0,1276.0,2173.304742402072,0.1574983261865538,0
36081060701,Queens,Census Tract 607.01,0,0.7129826917719287,0.0,0,0.0,2273.0466063152944,-2.6726825513123864,0
36081060800,Queens,Census Tract 608,1473,0.21144594012714024,6966.319613960431,0,1473.0,776.1690693241645,-0.2930746414203093,0
36081061400,Queens,Census Tract 614,1557,0.2577519479759811,6040.691495162204,2,519.0,580.8176339429425,-0.6689802703603607,0
36081061602,Queens,Census Tract 616.02,1081,0.4223097702540291,2559.7323958424013,0,1081.0,2590.257100970097,0.07429810303129437,0
36081051500,Queens,Census Tract 515,3141,0.22436200114849297,13999.696846709543,0,3141.0,1570.2148922127417,0.31892643129629733,0
36081051600,Queens,Census Tract 516,2281,0.18365571694088592,12419.978196127679,0,2281.0,2175.0205738463674,0.3949998226564719,0
36081051700,Queens,Census Tract 517,1911,0.25417424698258795,7518.464292454113,1,955.5,1359.6051790495487,-0.09280117387552966,0
36081050000,Queens,Census Tract 500,4746,0.3360641438793749,14122.3039899892,1,2373.0,1589.9327922243338,0.26984115480615906,0
36081051800,Queens,Census Tract 518,2233,0.169820596131903,13149.17065928555,0,2233.0,1804.1274411820464,0.3080872919675491,0
36081052100,Queens,Census Tract 521,1798,0.19026817021096096,9449.820209057862,1,899.0,738.1517280560806,-0.36802006792464564,0
36081052200,Queens,Census Tract 522,2286,0.16983882213139326,13459.820147783823,1,1143.0,248.58008955516718,-0.7959727707032318,0
36081050201,Queens,Census Tract 502.01,1495,0.16813093035602686,8891.879660894352,0,1495.0,2460.7259697179556,0.3162064101347264,0
36081050500,Queens,Census Tract 505,1891,0.11611308107456562,16285.848093081222,0,1891.0,1429.212213768359,0.19472628340723655,0
36081050700,Queens,Census Tract 507,3267,0.37221659186392597,8777.14769145579,0,3267.0,956.1358676887459,0.007599642591532581,0
36081050800,Queens,Census Tract 508,1985,0.21952844472204314,9042.108427057441,2,661.6666666666666,450.0718502050506,-0.6797871147734779,0
36081051000,Queens,Census Tract 510,1568,0.18489268744796916,8480.59499617178,0,1568.0,983.8116517014794,-0.132198947606112,0
36081051100,Queens,Census Tract 511,2542,0.2739017711383404,9280.699388818863,1,1271.0,1146.4955094368931,-0.08483995098899895,0
36081051300,Queens,Census Tract 513,2831,0.19353439242080067,14627.891015073816,0,2831.0,2158.884051859568,0.4614693102767025,1
36081080301,Queens,Census Tract 803.01,4216,0.3159844500495979,13342.428715521424,1,2108.0,1543.207301951451,0.22207286321914718,0
36081080302,Queens,Census Tract 803.02,3657,0.43862404486599155,8337.436223126544,0,3657.0,982.1197263217758,0.03522005344902155,0
36081080900,Queens,Census Tract 809,7291,1.0012337656476946,7282.015699184373,0,7291.0,2244.187939256553,0.558623731006612,1
36081081400,Queens,Census Tract 814,4545,0.36955568592567917,12298.552486387773,0,4545.0,2098.9145871542005,0.5151524675291991,1
36081081800,Queens,Census Tract 818,3788,0.3751155809644327,10098.220901037876,1,1894.0,1559.9444759224718,0.16063276653647676,0
36081052400,Queens,Census Tract 524,2217,0.1961814141924814,11300.764698458199,0,2217.0,1108.8757942926836,0.043007308024861544,0
36081052800,Queens,Census Tract 528,1720,0.18039421127041563,9534.674022447844,1,860.0,669.6490039352509,-0.4233314385785725,0
36081053000,Queens,Census Tract 530,2535,0.23015730272941326,11014.20624041766,0,2535.0,2105.2786423890516,0.3808537226468793,0
36081061800,Queens,Census Tract 618,1765,0.24154326710574925,7307.179459600798,0,1765.0,2567.7299910073884,0.3388551943510872,0
36081061900,Queens,Census Tract 619,3123,0.2578549829531861,12111.458790645069,0,3123.0,1551.3824389519766,0.2883716062611934,0
36081062000,Queens,Census Tract 620,1456,0.2162413538343817,6733.217186177737,0,1456.0,2640.7359556046586,0.30052277662374133,0
36081062100,Queens,Census Tract 621,3178,0.25826763026947,12305.065085718074,0,3178.0,2510.1450510549234,0.5308862328955383,1
36081062400,Queens,Census Tract 624,0,0.5121011349465312,0.0,0,0.0,1021.762042291626,-3.0654740292169786,0
36081062600,Queens,Census Tract 626,2972,0.4293947830609835,6921.369604944433,0,2972.0,1946.546375892686,0.2992158982054865,0
36081062700,Queens,Census Tract 627,2915,0.15730544289012985,18530.827328307925,0,2915.0,1577.4221861205253,0.3515111107930948,0
36061030900,Manhattan,Census Tract 309,10529,0.30275293948728726,34777.53186420216,0,10529.0,958.226556104634,0.4680722746792351,1
36061004400,Manhattan,Census Tract 44,16684,0.8752417918721781,19062.161056446173,0,16684.0,1899.4189567260682,0.7997655598773349,1
36061012101,Manhattan,Census Tract 121.01,3110,0.08904501528628252,34926.154934122394,1,1555.0,310.8988061204956,-0.46981210361661563,0
36061010803,Manhattan,Census Tract 108.03,1840,0.05439836398518711,33824.54664447334,0,1840.0,1171.5411367840193,0.20994001497961753,0
36061010802,Manhattan,Census Tract 108.02,4094,0.0574006695927342,71323.20979959822,0,4094.0,1066.4980385314573,0.4461656459209558,1
36061015403,Manhattan,Census Tract 154.03,5015,0.05171513801787482,96973.53989979907,0,5015.0,1132.8324865847844,0.5665497336696138,1
36061015402,Manhattan,Census Tract 154.02,3841,0.054704047746492866,70214.18264695506,0,3841.0,966.9781909901232,0.38263569353891264,0
36061004001,Manhattan,Census Tract 40.01,3615,0.09174073646864986,39404.523433658476,0,3615.0,929.8177986603149,0.25757468774183573,0
36061013604,Manhattan,Census Tract 136.04,3488,0.07168907213797601,48654.55634977167,0,3488.0,977.9821828809548,0.3093060291870995,0
36061013604,Manhattan,Census Tract 136.04,3488,0.07168907213797601,48654.55634977167,0,3488.0,977.9821828809548,0.3093060291870995,0
36061013203,Manhattan,Census Tract 132.03,4291,0.05387648324833831,79645.13905299017,1,2145.5,270.95477131106674,-0.338653148545029,0
36061013602,Manhattan,Census Tract 136.02,6244,0.056420026188528274,110669.92381633412,0,6244.0,891.3647816942588,0.5145027606875047,1
36081062900,Queens,Census Tract 629,3250,0.1835274318609969,17708.52437177642,0,3250.0,2090.845558488043,0.5045676020229869,1
36081083700,Queens,Census Tract 837,4770,0.7807742435421381,6109.320382239997,3,1192.5,695.7901479075733,-0.4106497050496851,0
36081083800,Queens,Census Tract 838,5524,0.4953801098223669,11151.033096546393,0,5524.0,3280.766098085593,0.7581716409537145,1
36081084000,Queens,Census Tract 840,6927,0.5684793439745772,12185.13930791086,0,6927.0,2347.5333506421175,0.6537796920501944,1
36081084500,Queens,Census Tract 845,4713,0.1886719428325382,24979.866795473525,0,4713.0,831.2354528965935,0.18228858408318316,0
36081084601,Queens,Census Tract 846.01,2711,0.3311608452124744,8186.354272228678,0,2711.0,4407.321311051252,0.709412782813847,1
36081053401,Queens,Census Tract 534.01,1813,0.2602599488900628,6966.112180271866,0,1813.0,1249.21206037252,-0.017447489746182505,0
36081000701,Queens,Census Tract 7.01,3559,0.2405538925481266,14795.021449457385,0,3559.0,1670.3480771397635,0.3834808510344326,0
36081053601,Queens,Census Tract 536.01,1816,0.19153421481339972,9481.334714892688,0,1816.0,2005.9324256412528,0.26547110833395077,0
36081054000,Queens,Census Tract 540,4194,0.5227085212731107,8023.5921729094425,0,4194.0,1366.8603436959495,0.21903240904525792,0
36081040701,Queens,Census Tract 407.01,3264,0.07045322993710632,46328.60697676709,0,3264.0,777.1730442552705,0.1751178934077111,0
36081001901,Queens,Census Tract 19.01,1974,0.22839806760065728,8642.805172289993,0,1974.0,1402.4634805663143,0.09150279152709985,0
36081017902,Queens,Census Tract 179.02,43,0.37738721766587574,113.9413260098029,0,43.0,2763.7606509240254,-1.0435750042925367,0
36081023502,Queens,Census Tract 235.02,2673,0.11745974775346776,22756.73199648162,0,2673.0,1296.9496675374041,0.27110944621793215,0
36081049201,Queens,Census Tract 492.01,3034,0.2950352251206767,10283.517836756675,0,3034.0,1131.6475526308636,0.1010736651074041,0
36081097207,Queens,Census Tract 972.07,0,1.8235263590876203,0.0,1,0.0,2391.8968543821798,-2.647640069530596,0
36081047802,Queens,Census Tract 478.02,1320,0.13269092350426356,9947.929859404336,0,1320.0,523.9167581014456,-0.4504144834222846,0
36081049202,Queens,Census Tract 492.02,2517,0.19118091161483233,13165.540318538393,1,1258.5,635.6569690752467,-0.3197885031878153,0
36081063700,Queens,Census Tract 637,3542,0.6951208284255757,5095.517002450503,0,3542.0,2597.0409389511515,0.42671988190506527,1
36081063800,Queens,Census Tract 638,3404,0.6907733311604772,4927.810392276419,0,3404.0,3771.3144727575095,0.5965952197972973,1
36081063900,Queens,Census Tract 639,3189,0.251774439036995,12666.099117120535,0,3189.0,1157.5346582692234,0.1559973183120366,0
36081064101,Queens,Census Tract 641.01,2392,0.08545505231219168,27991.323336405458,0,2392.0,1083.4274517062738,0.19385980004092485,0
36081064102,Queens,Census Tract 641.02,0,2.225359606485784,0.0,7,0.0,395.32616821703556,-3.531495057353992,0
36081063301,Queens,Census Tract 633.01,1607,0.1347330740800763,11927.286681256208,0,1607.0,761.5873254560341,-0.19771171390985218,0
36081063302,Queens,Census Tract 633.02,1963,0.13873815960143682,14148.9551658985,0,1963.0,1447.0661419526998,0.1855886909966954,0
36081063500,Queens,Census Tract 635,2637,0.1894577159110422,13918.673025901855,0,2637.0,936.2762230198839,0.028703762162204254,0
36081064500,Queens,Census Tract 645,1860,0.3095894419268186,6007.95682315184,0,1860.0,842.5143190943974,-0.22967326798097135,0
36081064600,Queens,Census Tract 646,3247,0.4073077720438086,7971.858684913001,0,3247.0,1786.1445514500322,0.29772420020306667,0
36081065000,Queens,Census Tract 650,2807,0.39999144015278154,7017.650175033327,0,2807.0,2743.3150832377623,0.45850671391564163,1
36081084602,Queens,Census Tract 846.02,1378,0.7167959895383901,1922.4437916950667,0,1378.0,4069.6519368455624,0.2989699984198715,0
36081086100,Queens,Census Tract 861,2071,0.14878585189332577,13919.334221944935,0,2071.0,1939.426523636153,0.3376262491741449,0
36081086300,Queens,Census Tract 863,6859,0.14414862794696778,47582.83237023542,0,6859.0,1548.806580057059,0.6681090391260328,1
36081086400,Queens,Census Tract 864,2560,1.1207043758744635,2284.2776874164365,0,2560.0,3797.737457077132,0.4179762832340405,0
36081086500,Queens,Census Tract 865,4480,0.1582497028727572,28309.689804613437,1,2240.0,323.7800476858037,-0.41023392380433016,0
36081087100,Queens,Census Tract 871,4889,0.4397424718644346,11117.870828513463,0,4889.0,1385.2014980863194,0.3093794600454916,0
36081088400,Queens,Census Tract 884,9190,2.179526746804962,4216.511686985221,0,9190.0,3723.6420161279775,0.7657190751958227,1
36081054500,Queens,Census Tract 545,3438,0.11347354201211231,30297.811622316534,0,3438.0,2007.475735710303,0.5829178663845269,1
36081054200,Queens,Census Tract 542,5441,0.5418391452857151,10041.725569921544,0,5441.0,2084.1011289258795,0.5151833154235467,1
36081054700,Queens,Census Tract 547,4680,0.12915310083609852,36236.0637855621,0,4680.0,1516.164148229022,0.5363011985552865,1
36081054800,Queens,Census Tract 548,2430,0.2256704029304553,10767.916255056502,0,2430.0,1938.2163059321542,0.3280247930536883,0
36081065600,Queens,Census Tract 656,4585,0.5924297947032708,7739.313655378322,0,4585.0,2872.8511469364603,0.5961392773318247,1
36081065702,Queens,Census Tract 657.02,1311,0.14410379396109022,9097.609188235432,1,655.5,599.5421593442704,-0.5399944076556197,0
36081065900,Queens,Census Tract 659,1915,0.19375040251355116,9883.850434148451,0,1915.0,1049.261527342388,-0.035401647683883625,0
36081066000,Queens,Census Tract 660,3666,0.38655678137045335,9483.72962699811,0,3666.0,1886.9891330715673,0.3773486748857613,0
36081047600,Queens,Census Tract 476,1362,0.5474205930379115,2488.0320859717367,1,681.0,948.0841013694038,-0.517284502905068,0
36081047900,Queens,Census Tract 479,6101,0.39247507228354767,15544.936305132444,0,6101.0,1849.5799660236153,0.5504348678725471,1
36081048500,Queens,Census Tract 485,4963,0.31727918301691804,15642.375124671706,0,4963.0,1085.2387783223496,0.24784713545783146,0
36081048900,Queens,Census Tract 489,1670,0.3619992105155233,4613.269729571377,0,1670.0,2964.1807008895157,0.3237515978856364,0
36081055900,Queens,Census Tract 559,1106,0.15857404835886724,6974.659545154723,0,1106.0,1765.0045188230918,0.05275959526460722,0
36081056100,Queens,Census Tract 561,12,2.905141630400076,4.130607566402001,1,6.0,2400.6382323684547,-1.9878233203281213,0
36081056500,Queens,Census Tract 565,1883,0.1177840639801855,15986.88257451171,0,1883.0,1023.9081225850839,0.027068110570659693,0
36081056700,Queens,Census Tract 567,4538,0.31342851583694525,14478.580507846329,0,4538.0,1171.3218475151266,0.2547309262507859,0
36081055200,Queens,Census Tract 552,2790,0.41751052034743497,6682.466342831978,0,2790.0,2955.7749458513704,0.4860086860118984,1
36081055300,Queens,Census Tract 553,3131,0.13702436188742512,22849.951328890922,0,3131.0,1654.4870285082468,0.42331696476539343,1
36081055400,Queens,Census Tract 554,2683,0.22007504489598118,12191.295933930738,0,2683.0,2860.8682178941403,0.5594508167078661,1
36081055500,Queens,Census Tract 555,2426,0.15371546401515992,15782.406900588348,0,2426.0,1908.595835478389,0.3820500741125766,0
36081055700,Queens,Census Tract 557,3767,0.23875378531843122,15777.760318965702,1,1883.5,799.1345022709809,-0.09671323713123081,0
36081055800,Queens,Census Tract 558,1587,0.1923591822961333,8250.191028348434,0,1587.0,1210.1066896966959,-0.03255194013341769,0
36081056800,Queens,Census Tract 568,4808,0.8509938483870729,5649.86457788481,0,4808.0,2188.0663616014263,0.4209731278370586,0
36081057700,Queens,Census Tract 577,4162,0.18659891651226224,22304.523937182115,0,4162.0,1992.1419109679923,0.5681407142043539,1
36081066501,Queens,Census Tract 665.01,4048,0.3277941253403186,12349.214604738057,0,4048.0,793.7637585214302,0.014813203796288699,0
36081067700,Queens,Census Tract 677,1912,0.18595027749621143,10282.318616270713,0,1912.0,1490.0702215408426,0.1429565217733899,0
36081068000,Queens,Census Tract 680,5489,0.7642285409064619,7182.406448062542,0,5489.0,2254.0872452197746,0.5012069743370743,1
36081068200,Queens,Census Tract 682,1104,0.23013566367954544,4797.170426993337,0,1104.0,2811.4269755101577,0.2205240312218905,0
36081068700,Queens,Census Tract 687,4202,0.2784981420731778,15088.071930102456,0,4202.0,1148.5713150880515,0.23623776009272823,0
36081069000,Queens,Census Tract 690,4022,0.3505345614493936,11473.9042660153,0,4022.0,1698.946720238986,0.37534901347214217,0
36081116302,Queens,Census Tract 1163.02,3561,0.11807757196999483,30158.140454521712,0,3561.0,2060.0325303162404,0.6019671456063934,1
36081003302,Queens,Census Tract 33.02,918,0.327941856399817,2799.276707395355,1,459.0,832.4851513652102,-0.6416088143903632,0
36081000103,Queens,Census Tract 1.03,31,0.20763873349325088,149.2977705963884,0,31.0,1696.0400033641888,-1.3043925852796399,0
36081116301,Queens,Census Tract 1163.01,4398,0.13339035865778823,32970.89867853965,0,4398.0,1178.3518616302706,0.3846365310708826,0
36081047801,Queens,Census Tract 478.01,4020,0.5204266086853174,7724.432096497096,1,2010.0,1338.7706271860627,0.05412704576477673,0
36081021603,Queens,Census Tract 216.03,0,0.30286850823718614,0.0,0,0.0,1080.077945835712,-3.0382155595979827,0
36081000702,Queens,Census Tract 7.02,4131,0.30448249311487424,13567.282498706645,1,2065.5,490.7693571936731,-0.3418160170836635,0
36081019902,Queens,Census Tract 199.02,116,0.7137279244993872,162.5269181969629,0,116.0,3834.741443000529,-0.6279323266768435,0
36081001902,Queens,Census Tract 19.02,6099,0.1740253590081663,35046.61639407277,0,6099.0,2460.5221438190133,0.8222796285420958,1
36081120702,Queens,Census Tract 1207.02,0,0.3126870108661335,0.0,0,0.0,1644.9795376198795,-2.8315705685355455,0
36081019901,Queens,Census Tract 199.01,413,0.3195718488146941,1292.354134232521,0,413.0,3228.477986273093,-0.12220968062909514,0
36081053502,Queens,Census Tract 535.02,0,0.33893181685264495,0.0,0,0.0,2699.9195067494256,-2.5881169802608905,0
36081017901,Queens,Census Tract 179.01,884,0.09637172149011261,9172.81528576508,0,884.0,1441.1426900172717,-0.04767743296356588,0
36081023501,Queens,Census Tract 235.01,3936,0.13807295975189773,28506.667830345414,0,3936.0,1532.7782302776097,0.4678228649322609,1
36081030906,Queens,Census Tract 309.06,3650,0.2169449095550188,16824.547796427247,0,3650.0,1340.1212284655278,0.30119467505220476,0
36081030905,Queens,Census Tract 309.05,3670,0.19375857404786612,18941.0972806466,0,3670.0,1324.7934707247477,0.3158406822544539,0
36081027702,Queens,Census Tract 277.02,3292,0.1005164627514785,32750.85403810211,0,3292.0,1049.519101128281,0.26818060773574987,0
36081101004,Queens,Census Tract 1010.04,6462,0.7809672077094798,8274.355102504978,2,2154.0,681.482221564015,-0.2523346147281931,0
36081101003,Queens,Census Tract 1010.03,3885,0.2344514699502065,16570.593482843626,0,3885.0,1192.1078876053725,0.2538478038383924,0
36081097206,Queens,Census Tract 972.06,2522,0.30678290962347626,8220.796924754788,0,2522.0,1891.4798712350057,0.2798229383225323,0
36081100803,Queens,Census Tract 1008.03,4341,0.34730604774424567,12499.062507534247,0,4341.0,1468.476431486914,0.33300963023464614,0
36081100804,Queens,Census Tract 1008.04,5226,0.8363663378162082,6248.458078364717,1,2613.0,1524.4630440262806,0.1365737420214953,0
36081155103,Queens,Census Tract 1551.03,4349,0.7348704685334774,5918.049760087589,1,2174.5,780.976138612913,-0.23780564467713905,0
36081066401,Queens,Census Tract 664.01,1690,1.216184677533212,1389.591590175127,0,1690.0,5067.211103324514,0.3953784254388004,0
36081033405,Queens,Census Tract 334.05,3301,0.2612034094426305,12637.660461798132,1,1650.5,416.44971978157025,-0.47914581558748753,0
36081155104,Queens,Census Tract 1551.04,3261,0.7065104123125056,4615.643227856047,0,3261.0,2044.5560948073119,0.2764779209628447,0
36081025402,Queens,Census Tract 254.02,5881,0.38008477515979533,15472.863909183177,0,5881.0,1038.1511206484226,0.2585804354349652,0
36081025401,Queens,Census Tract 254.01,4230,0.25201990975309496,16784.388202281916,1,2115.0,759.4701747792278,-0.08827936143613564,0
36081028803,Queens,Census Tract 288.03,0,0.37879794021663016,0.0,4,0.0,461.3496018129321,-3.455751995579721,0
36081028802,Queens,Census Tract 288.02,2185,0.20016453551718336,10916.019635318597,0,2185.0,1055.6366517264864,0.010296594645995895,0
36081069300,Queens,Census Tract 693,3005,0.14299556527379406,21014.63772143085,0,3005.0,670.8776516692793,-0.041826751485209535,0
36081069400,Queens,Census Tract 694,4046,0.5248404560143134,7709.009383014593,0,4046.0,3184.2307625695184,0.6208111755268441,1
36081069500,Queens,Census Tract 695,2349,0.21321585595187642,11017.004291323332,1,1174.5,952.4108462789738,-0.16408646486974227,0
36081069701,Queens,Census Tract 697.01,4320,0.13247172799705176,32610.73185439345,0,4320.0,1202.7635872119713,0.389314129771208,0
36081138501,Queens,Census Tract 1385.01,4297,1.038956264629662,4135.881505591262,0,4297.0,1422.2601254343515,0.13612646978673634,0
36081138502,Queens,Census Tract 1385.02,97,2.3940568770582025,40.51699896085711,3,24.25,1817.0871475341569,-1.5267791597608926,0
36081143500,Queens,Census Tract 1435,2267,0.3577129337906157,6337.484015400376,0,2267.0,1559.2125579933343,0.12125094970286242,0
36081144100,Queens,Census Tract 1441,2700,0.3370596218539157,8010.452231416201,0,2700.0,2058.364208242753,0.3309408728621687,0
36081144700,Queens,Census Tract 1447,3589,0.41277836128069423,8694.738718533352,1,1794.5,276.42739584769623,-0.7236825111737134,0
36081145101,Queens,Census Tract 1451.01,1142,0.2519524821462535,4532.600712133852,1,571.0,886.9004669754314,-0.48845127148815787,0
36081145102,Queens,Census Tract 1451.02,2578,0.34366396797045146,7501.513804966771,0,2578.0,2025.3405922871336,0.3030245126327409,0
36081139900,Queens,Census Tract 1399,1546,0.3641975879264651,4244.948487446193,0,1546.0,1729.2697910897361,0.029908811230014067,0
36081140901,Queens,Census Tract 1409.01,1034,0.2444928976917661,4229.161704744369,1,517.0,606.4285471890244,-0.7063201664306197,0
36081140902,Queens,Census Tract 1409.02,2373,0.5376562046379577,4413.60106984706,1,1186.5,1209.3276185399347,-0.1928949895392862,0
36081142900,Queens,Census Tract 1429,4034,0.5303430839577389,7606.396919322238,0,4034.0,2365.069096427737,0.4718995650930753,1
36081146300,Queens,Census Tract 1463,2979,0.3239623927756204,9195.511782947242,0,2979.0,1128.2939316368036,0.07780919994502122,0
36081146700,Queens,Census Tract 1467,2866,0.35457134097396453,8082.999579513237,0,2866.0,1399.2228364059608,0.154820338196318,0
36081147100,Queens,Census Tract 1471,3340,0.4218547780749961,7917.416546141916,1,1670.0,1449.392486911462,0.05970318374638539,0
36081147900,Queens,Census Tract 1479,4525,0.909474931924052,4975.398266807722,3,1131.25,1225.1507142727999,-0.1767325020664413,0
36081148300,Queens,Census Tract 1483,2990,2.3813300821229353,1255.600818402479,0,2990.0,4039.703828998844,0.38281243996416303,0
36081150701,Queens,Census Tract 1507.01,3150,0.8769934823027808,3591.8168875426904,1,1575.0,1202.4679868166386,-0.1718687537616199,0
36081071600,Queens,Census Tract 716,0,19.22355610314797,0.0,0,0.0,8122.688903449793,-2.046803323814586,0
36081069702,Queens,Census Tract 697.02,4285,0.44141691096256214,9707.376164306997,1,2142.5,1103.899754463925,0.00927943680748646,0
36081070700,Queens,Census Tract 707,2584,0.22205761938128663,11636.619392749197,0,2584.0,1516.7211380815313,0.23252973519025508,0
36081071100,Queens,Census Tract 711,5616,0.375473094979218,14957.130284690144,0,5616.0,731.9936274916993,0.07220672752987845,0
36081072900,Queens,Census Tract 729,1298,0.1937283614370841,6700.103125693049,1,649.0,728.8471555851562,-0.4956890175272693,0
36081073900,Queens,Census Tract 739,5288,0.2242910312092559,23576.511158248126,1,2644.0,659.5987456827957,-0.05736552810961415,0
36081074300,Queens,Census Tract 743,3762,0.1934747482302925,19444.397961030558,0,3762.0,808.3387183793511,0.0824752246150382,0
36081074500,Queens,Census Tract 745,4076,0.17448533556296061,23360.1293016927,1,2038.0,516.4224857662264,-0.23151611311472062,0
36081076902,Queens,Census Tract 769.02,1588,0.10123978523692029,15685.53307658426,0,1588.0,867.4899960342382,-0.09182499602603655,0
36081073100,Queens,Census Tract 731,1832,0.18984198316067635,9650.130964179047,0,1832.0,2036.992185576869,0.27764988743394275,0
36081073700,Queens,Census Tract 737,1952,0.21060663704864016,9268.46384024061,0,1952.0,1354.8583494950599,0.08359592598153859,0
36081077300,Queens,Census Tract 773,2246,0.27906760432404243,8048.229049875787,1,1123.0,388.55649613615145,-0.6639661649510289,0
36081077500,Queens,Census Tract 775,2031,0.22948425962567326,8850.280203587368,0,2031.0,919.3590576506411,-0.10631731621241897,0
36081077902,Queens,Census Tract 779.02,5863,0.5591080492413889,10486.345184897727,1,2931.5,1050.6984881149363,0.06084516701528118,0
36081077903,Queens,Census Tract 779.03,3445,0.2638259972162516,13057.848871414364,1,1722.5,382.90179432808475,-0.5064089818126908,0
36081077905,Queens,Census Tract 779.05,3045,0.27517073504234074,11065.856983415999,0,3045.0,2120.825754431693,0.4222484742190434,1
36081078800,Queens,Census Tract 788,2082,0.19253329497760285,10813.71406562276,0,2082.0,636.1417364128824,-0.24964274771864944,0
36081079200,Queens,Census Tract 792,2869,0.3638186924408994,7885.796028652528,0,2869.0,2291.4468913216447,0.3933698323872949,0
36081079300,Queens,Census Tract 793,0,0.8740611730113187,0.0,0,0.0,1959.7020088492552,-2.745561980354576,0
36081079900,Queens,Census Tract 799,3003,0.28710581608338503,10459.558224789947,0,3003.0,1509.5891257368205,0.24329231305151247,0
36081150702,Queens,Census Tract 1507.02,3050,0.835417418246108,3650.8695334641584,0,3050.0,2104.5805511919702,0.23921145573075053,0
36081152901,Queens,Census Tract 1529.01,5607,1.3992420915088533,4007.169334045526,2,1869.0,277.2552627152481,-0.8394576055707684,0
36081152902,Queens,Census Tract 1529.02,6252,1.032979486990577,6052.395114073578,1,3126.0,1430.861120556142,0.13648672645739468,0
36081155101,Queens,Census Tract 1551.01,2195,0.4751408185141817,4619.683080195066,0,2195.0,3044.33597609394,0.3922885193364447,0
36081156700,Queens,Census Tract 1567,1799,1.4696794428918694,1224.0764533387844,2,599.6666666666666,1256.2881315100592,-0.519530803474432,0
36081157101,Queens,Census Tract 1571.01,8186,1.2254366596246093,6680.067823748341,2,2728.6666666666665,1390.6196967640099,0.11099839152805278,0
36081157901,Queens,Census Tract 1579.01,5253,0.9067208665707417,5793.4036743491715,0,5253.0,1383.5197613607677,0.21771760208546265,0
36081157902,Queens,Census Tract 1579.02,4054,0.7225865713200791,5610.400415543051,2,1351.3333333333333,1366.2833503103413,-0.06783782373280796,0
36081157903,Queens,Census Tract 1579.03,3746,0.6641509792875293,5640.283786103179,0,3746.0,2662.7886235551505,0.4667653871722794,1
36081161700,Queens,Census Tract 1617,4786,0.7023541549308153,6814.226080105471,0,4786.0,1471.1911598016766,0.25537639797213635,0
36081162100,Queens,Census Tract 1621,6446,0.7103133905739683,9074.86763665164,2,2148.6666666666665,901.1850428332871,-0.10068935112856352,0
36081037900,Queens,Census Tract 379,6112,0.19706432473872026,31015.253563036626,0,6112.0,1375.8989620501097,0.5173403215247353,1
36081048200,Queens,Census Tract 482,1241,0.22837489257469673,5434.04743844201,0,1241.0,2489.0400956299013,0.20447786549413652,0
36081048400,Queens,Census Tract 484,4932,0.41467236729377105,11893.727166309993,0,4932.0,1100.406874219038,0.20902325693892057,0
36081037501,Queens,Census Tract 375.01,1609,0.05306861275613747,30319.239875248415,0,1609.0,1729.439895744672,0.3564513095334653,0
36081040901,Queens,Census Tract 409.01,2082,0.070863011786489,29380.630988040528,0,2082.0,1275.3143920053806,0.2537642533952713,0
36081120701,Queens,Census Tract 1207.01,2876,0.39137987100826815,7348.359517291687,0,2876.0,472.7149616480835,-0.3926634700933204,0
36081066301,Queens,Census Tract 663.01,2753,0.28032919364805076,9820.596863901203,0,2753.0,862.3080471163344,-0.0594978593560842,0
36081088902,Queens,Census Tract 889.02,6117,0.288392990734954,21210.640329403133,2,2039.0,824.8121077307344,-0.01723899258833945,0
36081088903,Queens,Census Tract 889.03,4659,0.369070256113258,12623.61277515215,0,4659.0,2040.1126488435386,0.5104204557749922,1
36081040502,Queens,Census Tract 405.02,1912,0.05801239465001742,32958.4739870659,0,1912.0,545.3361030303108,-0.16192001924294244,0
36081040501,Queens,Census Tract 405.01,997,0.07145689891483624,13952.466663691137,2,332.3333333333333,248.26985229193005,-1.0399049146959907,0
36081040301,Queens,Census Tract 403.01,2853,0.08861571510390598,32195.192428958308,0,2853.0,633.5831789076728,-0.01128498951482256,0
36081039901,Queens,Census Tract 399.01,2305,0.10605964461727385,21733.054153800043,0,2305.0,1107.777453166543,0.1563041924767441,0
36081040101,Queens,Census Tract 401.01,2696,0.08794491610174522,30655.55258340282,0,2696.0,1020.283455309628,0.20325842486019832,0
36081134701,Queens,Census Tract 1347.01,4840,0.4650883011081193,10406.625985792842,1,2420.0,1723.1092921177208,0.26386878205071657,0
36081134702,Queens,Census Tract 1347.02,4834,0.6138608183684169,7874.749218965152,2,1611.3333333333333,917.9393932883874,-0.17273056788268984,0
36081028801,Queens,Census Tract 288.01,2648,0.23843597012966977,11105.706905547537,1,1324.0,1000.9577113724771,-0.11418581230874293,0
36081084902,Queens,Census Tract 849.02,3807,0.09954335371202766,38244.64274142701,0,3807.0,771.850523020926,0.1717666589514534,0
36081066302,Queens,Census Tract 663.02,0,0.24484139323931753,0.0,2,0.0,824.6412793603611,-3.1707201505650304,0
36081122703,Queens,Census Tract 1227.03,7452,0.4401146353151486,16931.9522734433,2,2484.0,463.88021758096323,-0.29631475447458805,0
36081122704,Queens,Census Tract 1227.04,4719,0.26120322393465173,18066.39263066909,1,2359.5,445.83045009880703,-0.3156618803206739,0
36081021602,Queens,Census Tract 216.02,1355,0.11217895645663983,12078.914288382988,0,1355.0,2058.5170766564625,0.25827658939982734,0
36081027102,Queens,Census Tract 271.02,2726,0.048934971187333004,55706.58230418321,0,2726.0,2118.238364880961,0.6610843658401465,1
36081046902,Queens,Census Tract 469.02,3157,0.07670630475722494,41156.981945511376,0,3157.0,2486.592301927841,0.7204780711446773,1
36081046901,Queens,Census Tract 469.01,4566,0.0746765650335285,61143.68005477949,0,4566.0,1120.6762319932218,0.46759816388131475,1
36081119300,Queens,Census Tract 1193,2399,0.21109052327565916,11364.792520160609,0,2399.0,3143.965918116035,0.5718535539998866,1
36081119900,Queens,Census Tract 1199,1563,0.1843590636005118,8478.020930866027,0,1563.0,2240.305848482721,0.27135675331981707,0
36081120500,Queens,Census Tract 1205,2682,0.2022308949758477,13262.068589076409,0,2682.0,1788.3391305249256,0.34215544288992955,0
36081121500,Queens,Census Tract 1215,4236,0.6316541604279493,6706.2013762880715,0,4236.0,1680.3051142177685,0.29341946676285885,0
36081122300,Queens,Census Tract 1223,3355,0.49570148477059534,6768.186303804705,1,1677.5,922.335332351536,-0.1867840662172606,0
36081119500,Queens,Census Tract 1195,1588,0.18935480043430208,8386.373075083286,0,1588.0,2400.463482207668,0.306728437518678,0
36081122702,Queens,Census Tract 1227.02,6665,0.44973480796145465,14819.844677379822,1,3332.5,738.2483973561376,-0.030528830079226965,0
36081124100,Queens,Census Tract 1241,3872,0.49900335413351005,7759.4668811866,0,3872.0,1665.9152512379787,0.29467235353938814,0
36081125700,Queens,Census Tract 1257,2977,0.3318931984935383,8969.752961231472,1,1488.5,828.7764421827198,-0.21782528352178554,0
36081126500,Queens,Census Tract 1265,1928,0.20079220979559234,9601.966141827492,0,1928.0,1883.1888272624847,0.24858071098062637,0
36081126700,Queens,Census Tract 1267,4457,0.7682473832528505,5801.516669186081,0,4457.0,1937.3658635481884,0.35016090301704644,0
36081128300,Queens,Census Tract 1283,0,1.971911107858202,0.0,6,0.0,1107.2630762492086,-3.026007230455498,0
36081130100,Queens,Census Tract 1301,4111,0.6986917328797108,5883.853789218606,0,4111.0,2281.5001104689254,0.4164558261103551,0
36081056600,Queens,Census Tract 566,1513,0.19413475177515932,7793.555693481961,1,756.5,188.3076979432493,-1.1036383711204443,0
36081115100,Queens,Census Tract 1151,946,0.29657232972140635,3189.7783616180645,1,473.0,767.5802409083783,-0.6542575801518526,0
36081120300,Queens,Census Tract 1203,1503,0.18400854655078858,8168.098863740299,0,1503.0,1235.8626632867963,-0.03480745234440361,0
36081066100,Queens,Census Tract 661,1618,0.13357636009189192,12112.921769143286,0,1618.0,902.1844414218415,-0.11065434483494502,0
36081079000,Queens,Census Tract 790,2653,0.2605910352481511,10180.703252027251,0,2653.0,2512.8807460900707,0.46425837657566044,1
36081103300,Queens,Census Tract 1033,4561,0.6060396042131171,7525.910795750734,0,4561.0,1608.3373314443472,0.30552296704111204,0
36081133300,Queens,Census Tract 1333,3701,0.6953693701007286,5322.351197988325,1,1850.5,1214.5330242538992,-0.07073014294233992,0
36081134100,Queens,Census Tract 1341,2709,0.592971320559352,4568.517744575894,0,2709.0,1425.2932992233136,0.06010378379725878,0
36081136700,Queens,Census Tract 1367,6523,0.772170467644463,8447.616521645374,1,3261.5,957.0657029768315,0.0015388302086512355,0
36081101002,Queens,Census Tract 1010.02,6069,0.6470984105993592,9378.789841839876,1,3034.5,816.7368737774227,-0.07394878662457931,0
36081101700,Queens,Census Tract 1017,7027,0.9876228492019326,7115.064222823825,1,3513.5,2252.6602424805023,0.4092544588999106,0
36081115500,Queens,Census Tract 1155,2079,0.18700657865541304,11117.255954031763,0,2079.0,1581.9135193285576,0.20189395471887353,0
36081093900,Queens,Census Tract 939,6366,1.5377614394764683,4139.783868014864,0,6366.0,2493.76618676746,0.49156771701522306,1
36081094201,Queens,Census Tract 942.01,3536,0.5473592961344025,6460.107693378328,1,1768.0,1195.9000261859026,-0.05615783953795272,0
36081094202,Queens,Census Tract 942.02,5750,1.1717931848482788,4907.009252442868,1,2875.0,1139.6826417865161,-0.026151860795613175,0
36081094203,Queens,Census Tract 942.03,5740,1.560330813984426,3678.7070719589674,2,1913.3333333333333,826.6632221699903,-0.31272809234674726,0
36081001903,Queens,Census Tract 19.03,1409,0.46549874920805073,3026.860979534575,0,1409.0,1347.3272263166102,-0.16619679089697756,0
36081053901,Queens,Census Tract 539.01,4210,0.4390074184267027,9589.815167788349,0,4210.0,1930.5294367385718,0.41830538253329547,0
36081117100,Queens,Census Tract 1171,2499,0.39753374121095764,6286.258852865185,1,1249.5,1156.579341993212,-0.14707778002677543,0
36081116100,Queens,Census Tract 1161,3642,0.17569171129699737,20729.49243372896,0,3642.0,902.5700016002621,0.1404329802759738,0
36081116700,Queens,Census Tract 1167,1994,0.16610699116725935,12004.311112902928,0,1994.0,925.1069930802927,-0.05760004862077947,0
36081117500,Queens,Census Tract 1175,4559,0.5624865786504882,8105.082277585901,0,4559.0,1689.328396733721,0.34157826351302517,0
36081118100,Queens,Census Tract 1181,1924,0.19522000846953572,9855.54715975869,0,1924.0,1104.0688821680956,-0.009913857121027955,0
36081119100,Queens,Census Tract 1191,2888,0.2176826184002863,13267.021598800291,0,2888.0,2743.7122059028015,0.5674703214634907,1
36081017102,Queens,Census Tract 171.02,44,0.4072490168138781,108.04200423670754,0,44.0,1805.2961886964608,-1.2568187648564912,0
36081017101,Queens,Census Tract 171.01,0,0.8318587577910159,0.0,1,0.0,1810.4947799130691,-2.784469905506901,0
36081027701,Queens,Census Tract 277.01,3789,0.07437356092575718,50945.5235548334,0,3789.0,2015.3530314361144,0.6886533738461199,1
36081003301,Queens,Census Tract 33.01,3303,0.1908882616685507,17303.316459213045,0,3303.0,1928.808650859413,0.4644522117836007,1
36081091603,Queens,Census Tract 916.03,4123,4.662281361018903,884.3310132400402,0,4123.0,9598.801130342634,0.8163519359829894,1
36081091604,Queens,Census Tract 916.04,0,4.636492800810896,0.0,0,0.0,10345.772512101406,-1.927897168800371,0
36081000101,Queens,Census Tract 1.01,4600,0.36634175984480355,12556.581051389656,2,1533.3333333333333,587.3280642061491,-0.32638793524555715,0
36081021601,Queens,Census Tract 216.01,2894,0.22773744889009992,12707.615783456711,0,2894.0,2016.828312503664,0.40967806990365657,0
36085014605,Staten Island,Census Tract 146.05,3890,0.8826720253803085,4407.0729423241355,0,3890.0,2299.5770049401176,0.36236896383865136,0
36085014606,Staten Island,Census Tract 146.06,6444,1.7689441768706784,3642.850964013829,1,3222.0,1841.2201627458278,0.18425231227775626,0
36085015100,Staten Island,Census Tract 151,5197,1.0048180453473272,5172.080680740159,0,5197.0,4249.666705416541,0.7485859045044766,1
36085015601,Staten Island,Census Tract 156.01,6706,1.4299757076894006,4689.5901545319,0,6706.0,2827.6407602713957,0.5840150136819768,1
36085015602,Staten Island,Census Tract 156.02,3607,0.881086545770432,4093.80896498198,1,1803.5,457.4093835801537,-0.5977935450779596,0
36085015603,Staten Island,Census Tract 156.03,4982,3.6400966153180367,1368.6449911892573,0,4982.0,4886.886400954006,0.5934573776684703,1
36085016901,Staten Island,Census Tract 169.01,3735,0.8234419819153365,4535.838689341953,0,3735.0,1327.6963534712165,0.08896638856176282,0
36085014700,Staten Island,Census Tract 147,3398,1.6690366094872955,2035.9050129186908,4,679.6,2373.159152757338,-0.0994490018006741,0
36085020100,Staten Island,Census Tract 201,3637,0.6281863856270672,5789.682939991576,0,3637.0,3359.595799311751,0.5792605528556246,1
36085031902,Staten Island,Census Tract 319.02,4502,0.9848378334188597,4571.310978550986,0,4502.0,1768.104208337993,0.26867875314369755,0
36085000300,Staten Island,Census Tract 3,2072,2.458022886372125,842.9539088051907,1,1036.0,3097.508690438715,-0.026192853056660265,0
36085000600,Staten Island,Census Tract 6,2696,2.7122720060895724,994.0005994778405,0,2696.0,3900.0393885677518,0.3068066369729748,0
36085000800,Staten Island,Census Tract 8,4908,0.7998529312157446,6136.128041113802,0,4908.0,1997.5667173087807,0.3937475614561487,0
36085001100,Staten Island,Census Tract 11,4203,0.3250897087782929,12928.739011133672,0,4203.0,1974.570751011912,0.47743930001229873,1
36085001700,Staten Island,Census Tract 17,1518,0.30600302808951024,4960.73522369185,0,1518.0,2976.9228477633783,0.3183511040602955,0
36085002002,Staten Island,Census Tract 20.02,3028,0.7717521641280445,3923.539370208507,1,1514.0,1347.4695786806838,-0.10961674783112337,0
36085002100,Staten Island,Census Tract 21,5285,2.8822364103523395,1833.6455611404667,1,2642.5,3098.2047580380768,0.2887593077542383,0
36085002900,Staten Island,Census Tract 29,5532,0.5269041461932441,10499.06333052676,1,2766.0,1475.8961848410156,0.21621075184840358,0
36085003300,Staten Island,Census Tract 33,3863,0.8524750070027187,4531.511150786946,0,3863.0,2317.484366896817,0.36928290581555,0
36085017005,Staten Island,Census Tract 170.05,4616,1.3902963374892348,3320.1554773107805,0,4616.0,3900.0265379631,0.6106613693016404,1
36085017007,Staten Island,Census Tract 170.07,6298,1.461614788227258,4308.932867078217,0,6298.0,2429.091701200229,0.4829719678329047,1
36085017300,Staten Island,Census Tract 173,2634,0.3432242579104628,7674.282744569686,1,1317.0,1302.3199919853182,-0.04585201301615154,0
36085017600,Staten Island,Census Tract 176,5132,5.4273425248361695,945.5824791811744,0,5132.0,4009.4240554269522,0.4423423487908907,1
36061023400,Manhattan,Census Tract 234,5244,0.108226470788067,48453.94996080941,0,5244.0,1073.7238060625311,0.4368663181121426,1
36061023501,Manhattan,Census Tract 235.01,7177,0.17904265012409942,40085.42095989655,2,2392.3333333333335,635.1356276616619,-0.010145280392112313,0
36061023502,Manhattan,Census Tract 235.02,1872,0.04133578750638387,45287.63362040434,0,1872.0,297.62453192628675,-0.4116475264580832,0
36061023600,Manhattan,Census Tract 236,10061,0.39113607423435737,25722.505958301717,2,3353.6666666666665,130.50915683533913,-0.7886636235015864,0
36061023700,Manhattan,Census Tract 237,6578,0.5527414036216698,11900.682592075891,0,6578.0,1180.6744915043553,0.3018712658030224,0
36061023900,Manhattan,Census Tract 239,2992,0.06384842322934411,46860.98494950625,1,1496.0,278.6323718427032,-0.4836900682694735,0
36061024000,Manhattan,Census Tract 240,2366,2.976902911772693,794.7857454951693,6,338.0,1124.6653703225622,-0.7593475163793384,0
36061024301,Manhattan,Census Tract 243.01,4596,0.10519153517814218,43691.728542764016,1,2298.0,578.9762608416605,-0.049749413584351705,0
36061024302,Manhattan,Census Tract 243.02,7234,0.32651177599862613,22155.403056673946,1,3617.0,926.4230500459353,0.16262527762977175,0
36061024500,Manhattan,Census Tract 245,13985,0.21206508206330232,65946.7360865445,0,13985.0,1002.1958311551999,0.6510935082249361,1
36061024900,Manhattan,Census Tract 249,1061,0.060658958532532274,17491.23337537967,0,1061.0,849.4314342445201,-0.16591735052496184,0
36061025500,Manhattan,Census Tract 255,5474,1.047170295392657,5227.42100695992,2,1824.6666666666667,578.8727070105502,-0.44030943958141217,0
36061026300,Manhattan,Census Tract 263,7997,0.1572025684396101,50870.670112950946,1,3998.5,355.767984977321,-0.15209507423909677,0
36061026500,Manhattan,Census Tract 265,8036,0.19503248140273013,41203.39310766473,0,8036.0,1170.3220807649818,0.5391464902977324,1
36061026700,Manhattan,Census Tract 267,2053,0.047338258396281,43368.72689345259,0,2053.0,991.989631088807,0.19061564955199373,0
36061026900,Manhattan,Census Tract 269,7676,0.17556540619024635,43721.59736116878,0,7676.0,1213.6533672398837,0.5573529765815016,1
36061027500,Manhattan,Census Tract 275,3089,1.1428621698934283,2702.863111032933,0,3089.0,1970.4807422848203,0.16074474399443825,0
36061027700,Manhattan,Census Tract 277,6698,0.16326047397869065,41026.46425536072,0,6698.0,956.1465634067068,0.4023948713857934,0
36061027900,Manhattan,Census Tract 279,10035,0.18000919674677876,55747.15170867832,0,10035.0,1650.7042911378,0.8019308848604805,1
36061028500,Manhattan,Census Tract 285,7712,0.12194019691232855,63244.11633962428,0,7712.0,1330.1389456950608,0.6631099230151748,1
36061028700,Manhattan,Census Tract 287,4001,1.541876118220229,2594.8907001804473,5,666.8333333333334,1555.8214280605334,-0.2714362412460697,0
36061008601,Manhattan,Census Tract 86.01,3197,0.6251712798685872,5113.798574803402,1,1598.5,1577.8191397780465,0.02177998481881674,0
36061029100,Manhattan,Census Tract 291,10831,0.187473901868103,57773.37481149848,0,10831.0,971.9523198324964,0.5629817543777403,1
36061029300,Manhattan,Census Tract 293,8677,0.15707507538690038,55241.10033770283,0,8677.0,1215.2893078064735,0.620657766531754,1
36061029500,Manhattan,Census Tract 295,7542,0.13556316536589205,55634.58170693897,1,3771.0,264.03332920064906,-0.2955368839502895,0
36061029700,Manhattan,Census Tract 297,14,1.95206600462387,7.171888638415975,3,3.5,1845.541576775734,-2.130895506170882,0
36061030300,Manhattan,Census Tract 303,3823,0.15664875653599927,24404.917629342566,0,3823.0,855.6516621697282,0.15045656960856021,0
36061016300,Manhattan,Census Tract 163,7013,0.6220430154393993,11274.139932342381,2,2337.6666666666665,248.65460089108677,-0.6800581916330063,0
36061029900,Manhattan,Census Tract 299,3430,0.9389569015218479,3652.9898171478426,2,1143.3333333333333,1433.5720187613554,-0.1474513105585418,0
36085003900,Staten Island,Census Tract 39,2263,0.5830598464968435,3881.248234802345,0,2263.0,1726.9020373126684,0.09166980149377742,0
36085004700,Staten Island,Census Tract 47,2961,0.8956584729235346,3305.9476234674003,1,1480.5,1016.7855161686185,-0.28016828180997955,0
36085005000,Staten Island,Census Tract 50,4683,0.8348611641707988,5609.31589703451,0,4683.0,2619.583887847309,0.5029299502962483,1
36085006400,Staten Island,Census Tract 64,3431,0.7098072405685486,4833.70667964982,1,1715.5,1049.016318305204,-0.17357679528968775,0
36085007400,Staten Island,Census Tract 74,5038,0.9836243768814406,5121.873876258403,2,1679.3333333333333,257.62277321904423,-0.857285406570782,0
36085007500,Staten Island,Census Tract 75,3381,0.48064080777154305,7034.359016821244,0,3381.0,2958.518702024888,0.5335812608121092,1
36085008100,Staten Island,Census Tract 81,4680,1.001389473057318,4673.506288928327,0,4680.0,2102.585141060494,0.36521710477866365,0
36085009601,Staten Island,Census Tract 96.01,4568,0.7762779409406977,5884.490282519781,0,4568.0,2040.8532688840378,0.3829975836558532,0
36085009602,Staten Island,Census Tract 96.02,3691,0.6176078891774055,5976.283763013549,0,3691.0,1666.514205581565,0.2428898754520551,0
36061010602,Manhattan,Census Tract 106.02,5006,0.1980439546292519,25277.216915666424,2,1668.6666666666667,284.8373560494746,-0.5508314248130618,0
36061010900,Manhattan,Census Tract 109,200,0.1757386216922605,1138.0537645858183,1,100.0,893.7051437282279,-1.0587844945593146,0
36061011000,Manhattan,Census Tract 110,6955,0.1765143717481096,39401.89079858584,0,6955.0,1363.7903462418153,0.5778655217090686,1
36061011202,Manhattan,Census Tract 112.02,520,0.07800719053723106,6666.0521474852485,1,260.0,499.53591806170914,-0.8662638177761414,0
36061011203,Manhattan,Census Tract 112.03,1053,0.07794626183236085,13509.307248944007,1,526.5,369.5382201656545,-0.7575270554425645,0
36061031100,Manhattan,Census Tract 311,0,1.043497429963146,0.0,3,0.0,556.0063591058114,-3.364194346297723,0
36061003700,Manhattan,Census Tract 37,3528,0.7146617862530934,4936.600875915001,0,3528.0,841.5001113819262,-0.1327881448282446,0
36061005200,Manhattan,Census Tract 52,3349,0.1688891812861402,19829.57093223137,2,1116.3333333333333,390.6846835844211,-0.5164403874096818,0
36061010100,Manhattan,Census Tract 101,1923,0.1755167539375184,10956.21903242674,1,961.5,645.6086119930116,-0.39625235927808306,0
36061014700,Manhattan,Census Tract 147,3044,0.06541637701479337,46532.69011384755,1,1522.0,58.96898703514615,-1.2381957405433126,0
36061015001,Manhattan,Census Tract 150.01,2018,0.05164133232944556,39077.22572156314,0,2018.0,704.8650353422037,0.0024943236473671596,0
36061015001,Manhattan,Census Tract 150.01,2018,0.05164133232944556,39077.22572156314,0,2018.0,704.8650353422037,0.0024943236473671596,0
36085018901,Staten Island,Census Tract 189.01,5231,1.136444166103542,4602.95380628792,1,2615.5,2499.3455610645706,0.3301692311620827,0
36085019700,Staten Island,Census Tract 197,1914,0.30015598328258136,6376.684479409721,0,1914.0,3787.1258704081765,0.5241158963206148,1
36085020803,Staten Island,Census Tract 208.03,7802,2.098067681698826,3718.659825922605,1,3901.0,998.5757280808087,-0.0743313905643686,0
36085020804,Staten Island,Census Tract 208.04,5228,1.3307736492623066,3928.5418695343565,1,2614.0,1860.1307731468144,0.15926323648154217,0
36085022300,Staten Island,Census Tract 223,3109,1.372552239208468,2265.1232581084982,0,3109.0,4133.007276269984,0.4974301959862861,1
36085023100,Staten Island,Census Tract 231,4819,0.5928401528630898,8128.666684816974,0,4819.0,2455.8283723224586,0.5370742324020674,1
36085023900,Staten Island,Census Tract 239,3165,0.5320861570184557,5948.284799843458,0,3165.0,2492.160906708896,0.40879428389506706,0
36061015002,Manhattan,Census Tract 150.02,4558,0.12556836151465292,36298.952578656645,0,4558.0,1215.3326461630184,0.4226081487364735,1
36061015002,Manhattan,Census Tract 150.02,4558,0.12556836151465292,36298.952578656645,0,4558.0,1215.3326461630184,0.4226081487364735,1
36061015200,Manhattan,Census Tract 152,8240,0.7185234796122262,11467.962055251104,1,4120.0,1210.8485214478837,0.2137557010611325,0
36061019100,Manhattan,Census Tract 191,8670,0.40140566572630165,21599.097223285426,2,2890.0,435.15218820019305,-0.2576648628673289,0
36061022301,Manhattan,Census Tract 223.01,7270,0.3200642034035015,22714.192723498007,1,3635.0,1588.0685496230853,0.4323700432022988,1
36061031900,Manhattan,Census Tract 319,0,0.42372919463997905,0.0,3,0.0,881.0223814220388,-3.1382484519906395,0
36085011401,Staten Island,Census Tract 114.01,3254,0.5268901442426014,6175.860443693795,1,1627.0,477.5477681944946,-0.5308668057576597,0
36085011402,Staten Island,Census Tract 114.02,3356,0.5792848197540463,5793.350499716004,0,3356.0,2075.911152963692,0.32656020389339663,0
36085012100,Staten Island,Census Tract 121,3126,0.7419818220673599,4213.041218840278,0,3126.0,2015.649321644458,0.2461622347826332,0
36085012500,Staten Island,Census Tract 125,3095,0.4610787121269808,6712.519833593269,1,1547.5,320.9553727401114,-0.7223174903992375,0
36085012804,Staten Island,Census Tract 128.04,4643,1.2398864818483,3744.697654158367,0,4643.0,1287.6921554290352,0.08685547731983366,0
36085013203,Staten Island,Census Tract 132.03,7288,1.0328742753295235,7056.037868379353,1,3644.0,2031.275361951295,0.364443198542765,0
36085013204,Staten Island,Census Tract 132.04,5090,1.0452026132783505,4869.869186448799,0,5090.0,3137.1545793707146,0.5854703414374988,1
36085013302,Staten Island,Census Tract 133.02,3468,0.849326055359556,4083.2375012112957,2,1156.0,1728.6847359627347,-0.03523690493894033,0
36085013400,Staten Island,Census Tract 134,3660,0.8507125392090265,4302.275835034695,0,3660.0,1698.4043471184548,0.19727336344311563,0
36085013800,Staten Island,Census Tract 138,6235,1.4074485233119653,4430.002161164649,0,6235.0,2342.7980429395157,0.4676551365045416,1
36085007700,Staten Island,Census Tract 77,1948,0.24853741744838073,7837.854034210299,0,1948.0,2336.0863969167553,0.3236740322588095,0
36085002700,Staten Island,Census Tract 27,2528,0.2503586081835909,10097.515792811038,1,1264.0,837.6251923922747,-0.22643616212362827,0
36085003600,Staten Island,Census Tract 36,2706,0.40918245838597517,6613.186720354161,1,1353.0,1451.6091031787312,-0.011199225088625022,0
36085018701,Staten Island,Census Tract 187.01,1951,0.38515611036123787,5065.478509922009,0,1951.0,2156.9577927727787,0.21408974743990214,0
36085015400,Staten Island,Census Tract 154,0,4.965984677255834,0.0,0,0.0,4508.626889078595,-2.3361270005942703,0
36085000900,Staten Island,Census Tract 9,2127,0.23187664391757382,9172.980788682165,0,2127.0,1037.447245357834,-0.031848983368915645,0
36085012200,Staten Island,Census Tract 122,4921,0.8278210642164063,5944.521361821216,1,2460.5,1475.4839986395418,0.10031112883156379,0
36085011201,Staten Island,Census Tract 112.01,5825,2.1939359426489107,2655.0456131216947,3,1456.25,1404.903655565875,-0.16020438243566404,0
36085030302,Staten Island,Census Tract 303.02,6502,0.9087644758660683,7154.769109788849,0,6502.0,1758.7531801092666,0.41287799005749576,0
36085024700,Staten Island,Census Tract 247,2943,0.479855870837146,6133.091577822539,0,2943.0,2051.763328750465,0.3035173648913472,0
36061019900,Manhattan,Census Tract 199,9013,0.42470100177426284,21221.989028390828,1,4506.5,1382.8677450078947,0.39680606329545753,0
36085006700,Staten Island,Census Tract 67,2907,0.9526782679432064,3051.397410666347,0,2907.0,2585.0721800329197,0.3015095951420888,0
36085014608,Staten Island,Census Tract 146.08,3370,0.44863257990853644,7511.714821707885,0,3370.0,2662.295257014138,0.4917145256177498,1
36085017011,Staten Island,Census Tract 170.11,4540,0.7194051171171394,6310.7696789718,0,4540.0,3769.3110193798234,0.6945623589542542,1
36061009700,Manhattan,Census Tract 97,4477,0.1729317860794334,25888.82068183557,1,2238.5,495.85476111179184,-0.2158575424643917,0
36061001502,Manhattan,Census Tract 15.02,8485,0.35456011441333807,23931.06177224543,4,1697.0,175.56869450381186,-0.7930918472424763,0
36061013900,Manhattan,Census Tract 139,9316,0.18158233991465839,51304.548693327844,0,9316.0,1640.1260932991318,0.7703016429654207,1
36061008300,Manhattan,Census Tract 83,3629,0.1741554101238075,20837.710395675535,1,1814.5,857.707734837326,-0.02446626340726461,0
36061024700,Manhattan,Census Tract 247,6135,0.6671433057703725,9195.925293615457,1,3067.5,1222.9105617316332,0.12328030513951478,0
36061003602,Manhattan,Census Tract 36.02,3461,0.08900844728840593,38883.94984338552,0,3461.0,821.1022121050172,0.1855749254784503,0
36061005502,Manhattan,Census Tract 55.02,1933,0.11548528907027639,16738.06261872635,0,1933.0,907.9058011040318,-0.019248550826747486,0
36061019800,Manhattan,Census Tract 198,2534,0.2254484030631921,11239.822352122546,1,1267.0,683.9972664668246,-0.30806801224731445,0
36061018700,Manhattan,Census Tract 187,10321,0.4034892634300715,25579.367124321827,0,10321.0,657.2309737006293,0.22917361501827957,0
36061016500,Manhattan,Census Tract 165,7253,0.20432423858349522,35497.50166834038,0,7253.0,1037.91315355309,0.43532519271362063,1
36061012500,Manhattan,Census Tract 125,2635,0.17425154257844913,15121.817350992498,0,2635.0,1162.3945765514231,0.14821687322956908,0
36061023300,Manhattan,Census Tract 233,7181,0.526649373966452,13635.257829922792,1,3590.5,350.3034900254087,-0.3946811748047625,0
36061020800,Manhattan,Census Tract 208,5573,0.14856468171115386,37512.28041423248,0,5573.0,777.550734412818,0.24922578979485124,0
36085013201,Staten Island,Census Tract 132.01,1589,0.4695876795555911,3383.819612779874,0,1589.0,3292.206953702686,0.31509997342147034,0
36085027704,Staten Island,Census Tract 277.04,5044,0.52803060695606,9552.476567745127,0,5044.0,2902.6267288651025,0.6545694616487304,1
36085027302,Staten Island,Census Tract 273.02,4419,1.0211553423704383,4327.451286443886,0,4419.0,5808.150168174245,0.8405002698321695,1
36085029104,Staten Island,Census Tract 291.04,6799,1.5415705746153547,4410.437064612792,1,3399.5,1131.5553297357467,-0.013098947656940288,0
36085017009,Staten Island,Census Tract 170.09,4805,1.1823528939666696,4063.9305105261174,0,4805.0,3377.358971978457,0.58078856873296,1
36085018902,Staten Island,Census Tract 189.02,6152,0.7550815221017536,8147.464637826174,0,6152.0,3360.001910817318,0.740821813081149,1
36085021300,Staten Island,Census Tract 213,5391,0.784574277429459,6871.242347713476,0,5391.0,2755.4754227589956,0.5890846158520257,1
36085010500,Staten Island,Census Tract 105,5423,0.8167061344378874,6640.087261904157,2,1807.6666666666667,859.9892608481435,-0.20915448238537107,0
36085000700,Staten Island,Census Tract 7,5195,1.1335728053815735,4582.855177309325,1,2597.5,2149.518407359364,0.25397631194632947,0
36085002001,Staten Island,Census Tract 20.01,2736,0.5129671480505978,5333.674895941148,0,2736.0,2976.3540059314337,0.44895896792047035,1
36061011600,Manhattan,Census Tract 116,3346,0.32851202621637215,10185.319662532478,0,3346.0,1368.567650342215,0.21265731269102753,0
36061016002,Manhattan,Census Tract 160.02,3133,0.051425833167444895,60922.688210005406,0,3133.0,868.9830540393348,0.26602367683803724,0
36061030700,Manhattan,Census Tract 307,3906,0.08437258002696238,46294.66111800523,0,3906.0,1353.7920950074788,0.4838206739741284,1
36061004800,Manhattan,Census Tract 48,6660,0.1757610168895994,37892.36155923779,0,6660.0,791.4807555777488,0.2955708560784826,0
36061023200,Manhattan,Census Tract 232,9279,0.1804853206597883,51411.383297430344,1,4639.5,647.4979693409905,0.17340061030745937,0
36061009100,Manhattan,Census Tract 91,6445,0.17909571637161226,35986.343674613825,1,3222.5,229.22795118844473,-0.4670586548692859,0
36061006600,Manhattan,Census Tract 66,11510,0.17469834139421095,65884.99872490152,0,11510.0,1062.0673881955388,0.6400891859834029,1
36061001001,Manhattan,Census Tract 10.01,1720,0.3244378122878325,5301.478233597698,0,1720.0,760.7359399494919,-0.31586330117780226,0
36061007700,Manhattan,Census Tract 77,5584,0.17878033234342225,31233.860720616613,2,1861.3333333333333,498.2597210944387,-0.2203431294337027,0
36061011201,Manhattan,Census Tract 112.01,950,0.07953466229534865,11944.477697940234,0,950.0,725.8329812150434,-0.3272012598513196,0
36061017401,Manhattan,Census Tract 174.01,5218,0.10081176666516475,51759.83094643124,0,5218.0,1134.7746953270314,0.47371278324978067,1
36061015602,Manhattan,Census Tract 156.02,2139,0.1087621541606644,19666.767512164668,0,2139.0,763.6951949163916,-0.05760775381898639,0
36061018000,Manhattan,Census Tract 180,6621,0.21251647253509184,31155.231973402464,0,6621.0,1072.1593289119678,0.4117161274840419,0
36061008000,Manhattan,Census Tract 80,5292,0.17262454449356737,30656.127235702566,0,5292.0,967.1642628419836,0.3132287316454337,0
36061020101,Manhattan,Census Tract 201.01,1976,0.055124886622561514,35845.878714084516,0,1976.0,678.1541986757231,-0.0346960205889722,0
36061022200,Manhattan,Census Tract 222,3501,0.18142017728185797,19297.743241429962,0,3501.0,1087.342238840443,0.2123259096479182,0
36061013800,Manhattan,Census Tract 138,11868,0.182090442299856,65176.40272659926,0,11868.0,843.8770287353522,0.531600572511688,1
36061007400,Manhattan,Census Tract 74,5257,0.17408176286758217,30198.453378478327,0,5257.0,1450.2481455755901,0.5084286207213432,1
36061003200,Manhattan,Census Tract 32,7740,0.21768123523891889,35556.578827315374,3,1935.0,701.921243857626,-0.023334233637034574,0
36061026100,Manhattan,Census Tract 261,11613,0.15621983958137856,74337.54913024679,1,5806.5,779.8948501774914,0.3697788431180425,0
36061022500,Manhattan,Census Tract 225,10605,0.4048129122442579,26197.28689286745,1,5302.5,770.6554391578767,0.1766509683449697,0
36061004100,Manhattan,Census Tract 41,6815,0.19127554442192118,35629.22808870576,0,6815.0,1032.5482488258122,0.42079708142958366,0
36061002100,Manhattan,Census Tract 21,7944,0.23722773117030618,33486.810166797026,1,3972.0,662.0078152663295,0.08346058653852184,0
36061001402,Manhattan,Census Tract 14.02,3449,0.11391908262863933,30275.875827083946,0,3449.0,1245.160988359997,0.3488149467932504,0
36061028100,Manhattan,Census Tract 281,3222,0.09422694460591238,34194.04092402071,0,3222.0,1435.0923284997302,0.4245095808973131,1
36085017012,Staten Island,Census Tract 170.12,5170,0.9225953057768368,5603.757105231308,0,5170.0,3245.6673255223673,0.6280638922392485,1
36061024100,Manhattan,Census Tract 241,8068,0.39126948164805575,20620.059520147068,0,8068.0,1687.947667416005,0.6077225729965399,1
36061017200,Manhattan,Census Tract 172,4967,0.1779365427755976,27914.445917183348,1,2483.5,485.2776790532447,-0.19325763542081362,0
36061011300,Manhattan,Census Tract 113,122,0.17565068875709947,694.5603280196019,0,122.0,1457.2526451136443,-0.8587322151712558,0
36061019000,Manhattan,Census Tract 190,3849,0.10379368125235935,37083.18226657471,0,3849.0,953.822877302906,0.2729252814839797,0
36061009500,Manhattan,Census Tract 95,3482,0.17196253074181475,20248.597092513653,0,3482.0,1222.7134047479312,0.27664617100359207,0
36061027300,Manhattan,Census Tract 273,7317,0.1769209571438798,41357.45204028881,1,3658.5,311.1900236769226,-0.26919122973482873,0
36061010601,Manhattan,Census Tract 106.01,7562,0.2520013733965598,30007.772965983495,0,7562.0,900.4769634097596,0.34678852574203467,0
36061005900,Manhattan,Census Tract 59,5098,0.11617489362902535,43882.11463553522,0,5098.0,1054.6306028503411,0.40629793879674025,0
36061014602,Manhattan,Census Tract 146.02,8543,0.10917066990499544,78253.6189201225,0,8543.0,2262.520476572395,0.979244873057468,1
36061006300,Manhattan,Census Tract 63,5843,0.1781857681206159,32791.62001336049,0,5843.0,645.4611248602338,0.1456044018241006,0
36061025100,Manhattan,Census Tract 251,2698,0.1594200983968913,16923.838506755124,0,2698.0,743.6370642887914,-0.04811486288662875,0
36061017900,Manhattan,Census Tract 179,9319,0.40378636254586836,23079.036006178645,1,4659.5,378.8182763864804,-0.2184360319295553,0
36061011800,Manhattan,Census Tract 118,9462,0.17676101486955903,53529.90311230388,2,3154.0,383.38103594977093,-0.15511554955827167,0
36061003400,Manhattan,Census Tract 34,6474,0.1602556388414991,40397.954460766974,1,3237.0,687.4866330290107,0.09105821833541537,0
36061020500,Manhattan,Census Tract 205,5606,0.6629870171175297,8455.670858191492,1,2803.0,659.0296714262678,-0.2120797154773482,0
36061018900,Manhattan,Census Tract 189,10371,0.2654005390272524,39076.785744338915,2,3457.0,919.0657612579399,0.24148387557237516,0
36061003002,Manhattan,Census Tract 30.02,2964,0.07853069266523961,37743.20459180119,0,2964.0,481.4801922833684,-0.11252817308625683,0
36061013100,Manhattan,Census Tract 131,3235,0.17413349755395155,18577.700703437054,0,3235.0,1272.2870124343522,0.26735649880037066,0
36061008200,Manhattan,Census Tract 82,3346,0.17239904232172704,19408.46048179185,2,1115.3333333333333,521.6954234153667,-0.3782593985945743,0
36061020701,Manhattan,Census Tract 207.01,2856,0.04727321937276186,60414.7557093517,0,2856.0,797.2519927753566,0.20367190143582006,0
36061008900,Manhattan,Census Tract 89,5849,0.16557682459771308,35324.99197403249,0,5849.0,1224.966666664953,0.4724569492514931,1
36061002500,Manhattan,Census Tract 25,5070,0.22563215826755714,22470.201228975246,1,2535.0,825.0824076714154,0.03623705498129235,0
36061011100,Manhattan,Census Tract 111,4767,0.17546201012158594,27168.274184803424,0,4767.0,1341.104228755857,0.4331034581259461,1
36061005000,Manhattan,Census Tract 50,4780,0.16646586132774313,28714.59626541077,0,4780.0,665.2266112475675,0.09834137915470964,0
36061000800,Manhattan,Census Tract 8,8889,0.3886102713574315,22873.816404672893,2,2963.0,402.15150819357433,-0.282014985034034,0
36061015802,Manhattan,Census Tract 158.02,4397,0.05150671452364977,85367.51063749325,0,4397.0,415.10593041140163,0.02657754608364345,0
36061014200,Manhattan,Census Tract 142,4092,0.17898234823658957,22862.589748744103,0,4092.0,1358.2890375944826,0.38056846594488136,0
36061014200,Manhattan,Census Tract 142,4092,0.17898234823658957,22862.589748744103,0,4092.0,1358.2890375944826,0.38056846594488136,0
36061007200,Manhattan,Census Tract 72,7224,0.1750149889666095,41276.464619714614,1,3612.0,464.5117442530655,-0.07569753780547929,0
36061021500,Manhattan,Census Tract 215,4054,0.06970714685732889,58157.594777152604,0,4054.0,401.0465814585922,-0.06889280053993745,0
36061025900,Manhattan,Census Tract 259,4713,0.07546382753007437,62453.763004821645,0,4713.0,587.8435394117852,0.1606553208279462,0
36061031703,Manhattan,Census Tract 317.03,5960,0.7569029245384571,7874.193383034261,3,1490.0,465.92916706912285,-0.5213628416445363,0
36085013301,Staten Island,Census Tract 133.01,1123,0.06733671283554452,16677.380773586123,0,1123.0,1100.7326706010667,-0.03490557558231746,0
36061012200,Manhattan,Census Tract 122,3008,0.1726148641208995,17426.07750102677,0,3008.0,1809.878227836278,0.41543309497819525,0
36061014402,Manhattan,Census Tract 144.02,7257,0.1768664812031489,41030.95143089666,3,1814.25,437.8706591416566,-0.24469993522338696,0
36061015601,Manhattan,Census Tract 156.01,4992,0.07356099841158209,67862.04793019796,0,4992.0,836.7514710924669,0.3590335507188067,0
36061021600,Manhattan,Census Tract 216,9151,0.1731946301250378,52836.51111696384,0,9151.0,874.754789241368,0.46272562264316813,1
36061022000,Manhattan,Census Tract 220,6102,0.17495174507282288,34878.188825496254,0,6102.0,1292.637319456956,0.5053604606364037,1
36061025300,Manhattan,Census Tract 253,10195,0.1693421397147884,60203.56195552244,1,5097.5,465.525938450444,0.056092655592478814,0
36061027100,Manhattan,Census Tract 271,7583,0.19290557222653384,39309.38807249742,0,7583.0,1100.6223916030744,0.48964559115379086,1
36061028300,Manhattan,Census Tract 283,8132,0.1510917292750051,53821.60915769772,0,8132.0,1305.5832536456815,0.6385384239725965,1
36061000100,Manhattan,Census Tract 1,0,0.0763879686427523,0.0,0,0.0,8502.34145024783,-2.024350910815224,0
36061000201,Manhattan,Census Tract 2.01,2568,0.1662090673719011,15450.420609448289,0,2568.0,653.0988862509301,-0.1365682691144521,0
36061000202,Manhattan,Census Tract 2.02,6934,0.7387719328177594,9385.846554230806,4,1386.8,620.0328303320589,-0.36721304923501513,0
36061000500,Manhattan,Census Tract 5,0,4.32944507875575,0.0,1,0.0,4006.294577631167,-2.3941805432440235,0
36061000600,Manhattan,Census Tract 6,10179,0.416421361923169,24443.990944628957,1,5089.5,917.53538688396,0.24280141572297956,0
36061000700,Manhattan,Census Tract 7,9008,0.49946313669617515,18035.365051334295,2,3002.6666666666665,659.3927950772122,-0.07522210016883935,0
36061000900,Manhattan,Census Tract 9,1860,0.7757222479970185,2397.7654434982105,0,1860.0,1970.4725373327371,0.03890386817837708,0
36061001002,Manhattan,Census Tract 10.02,6098,0.4448170346424896,13709.007356026985,2,2032.6666666666667,380.18709067247397,-0.4685813297923372,0
36061001200,Manhattan,Census Tract 12,4364,0.12059728583694945,36186.55237316234,1,2182.0,137.37608247513415,-0.7951642762323683,0
36061001300,Manhattan,Census Tract 13,5371,0.3172181184773172,16931.56754658721,0,5371.0,1195.5706987166332,0.3241872075005227,0
36061001401,Manhattan,Census Tract 14.01,3395,0.0935047841033658,36308.30264520972,2,1131.6666666666667,422.46687538212865,-0.37736139415411735,0
36005006500,Bronx,Census Tract 65,5182,0.26180839244452053,19793.101174547377,0,5182.0,1255.520310912318,0.3662745798170108,0
36005020200,Bronx,Census Tract 202,2597,0.1248100707354684,20807.615801326414,1,1298.5,530.5128573457141,-0.32806547308307993,0
36005015700,Bronx,Census Tract 157,5959,0.3190034907622932,18680.04637115515,1,2979.5,757.7156262167643,-0.0028715763368800475,0
36005005200,Bronx,Census Tract 52,1787,0.18268653219760814,9781.782918004268,0,1787.0,1957.2139176849212,0.25519305267483355,0
36047012600,Brooklyn,Census Tract 126,2778,0.23598203780049307,11772.08242581841,1,1389.0,251.27632985370926,-0.7730391628154591,0
36047027100,Brooklyn,Census Tract 271,3740,0.2453524461028802,15243.377677317952,1,1870.0,1395.5749620761803,0.17005728293009714,0
36047034800,Brooklyn,Census Tract 348,2852,0.6799974470018145,4194.133393551388,0,2852.0,1760.025514620769,0.16027822407194856,0
36047046000,Brooklyn,Census Tract 460,3335,0.19606745418974367,17009.452250920564,0,3335.0,2600.7749281732654,0.6104932275813623,1
36047105804,Brooklyn,Census Tract 1058.04,6145,0.7973572214976166,7706.708905775387,0,6145.0,2771.0629267430636,0.6368845636274384,1
36005043503,Bronx,Census Tract 435.03,56,4.688800646922186,11.943352728540383,15,3.5,311.79356927977364,-2.9292000674372303,0
36005043501,Bronx,Census Tract 435.01,1035,0.3980386883314241,2600.2497504418834,2,345.0,853.0399991078843,-0.6991135529526953,0
36005033602,Bronx,Census Tract 336.02,1155,0.05639422443478482,20480.820714817357,0,1155.0,817.8005741760846,-0.14185675745696688,0
36085011203,Staten Island,Census Tract 112.03,6898,1.00160573277935,6886.941412424607,2,2299.3333333333335,463.42937636559964,-0.45809263961833907,0
36005033601,Bronx,Census Tract 336.01,5011,0.12799703312771304,39149.34493051974,2,1670.3333333333333,401.3444984293097,-0.31170787314825227,0
36085022802,Staten Island,Census Tract 228.02,0,6.367826766885666,0.0,1,0.0,2555.7160048703126,-2.6150887951600956,0
36085022801,Staten Island,Census Tract 228.01,43,4.9914290329625,8.614767377445563,1,21.5,2830.628983640454,-1.569223192915693,0
36005033802,Bronx,Census Tract 338.02,1809,0.04699812490560535,38490.897320549164,0,1809.0,989.7243746126833,0.1446161295504181,0
36005033801,Bronx,Census Tract 338.01,2119,0.1143805845670792,18525.871396970342,0,2119.0,674.585024682544,-0.13008939438232905,0
36005043502,Bronx,Census Tract 435.02,0,1.6593151591761024,0.0,0,0.0,2391.924101159918,-2.647634472281901,0
36085011204,Staten Island,Census Tract 112.04,59,1.7171681256975568,34.35889539123184,1,29.5,675.3616468143169,-2.000691390423201,0
36047051601,Brooklyn,Census Tract 516.01,4824,0.11592692553513699,41612.42073600809,0,4824.0,2557.5582624304548,0.8217265049760077,1
36081059502,Queens,Census Tract 595.02,2881,0.23119512146650642,12461.33561004822,0,2881.0,1696.2298714952376,0.3205452245652303,0
36081059501,Queens,Census Tract 595.01,1890,0.1648490039012999,11465.037429838523,0,1890.0,902.7261563498157,-0.08788693062112017,0
36081084901,Queens,Census Tract 849.01,3037,0.2039338016004079,14892.08741349686,0,3037.0,1072.8475494013321,0.1350422457544259,0
36081048302,Queens,Census Tract 483.02,1967,0.1341440213378411,14663.344518695467,0,1967.0,2265.0444009789835,0.4119123380932706,0
36081066403,Queens,Census Tract 664.03,5857,0.36218294193026696,16171.385567704841,0,5857.0,3490.7355383700988,0.860687267607095,1
36081019903,Queens,Census Tract 199.03,0,0.6402032395868142,0.0,0,0.0,1531.8016764357828,-2.8665892959208805,0
36081089201,Queens,Census Tract 892.01,8936,1.7757613894366282,5032.207622689107,1,4468.0,2829.1829406465317,0.5136771798129435,1
36081053902,Queens,Census Tract 539.02,106,0.16552571630902538,640.3838772828817,1,53.0,662.148228257862,-1.4255412501306501,0
36047061003,Brooklyn,Census Tract 610.03,2047,0.08017429419670535,25531.87428102259,0,2047.0,1635.7073156577228,0.34985657713333235,0
36047061004,Brooklyn,Census Tract 610.04,5659,0.22449547943449294,25207.63453346631,0,5659.0,2121.540889924364,0.6809439530985318,1
36047069601,Brooklyn,Census Tract 696.01,3406,0.5046996786064677,6748.56780056676,0,3406.0,2445.0786090968545,0.43468778376564465,1
36047069602,Brooklyn,Census Tract 696.02,5630,0.8610353399519279,6538.6398661805515,2,1876.6666666666667,1486.840290168671,0.06480493994239649,0
36047079801,Brooklyn,Census Tract 798.01,3245,0.12967903501575984,25023.320073330564,0,3245.0,1365.0730879655453,0.35079926981664133,0
36047079802,Brooklyn,Census Tract 798.02,5013,0.10636648838092186,47129.5055078564,0,5013.0,848.596455358255,0.3077297349189773,0
36047105801,Brooklyn,Census Tract 1058.01,6050,0.41844133261426675,14458.41872790586,0,6050.0,1885.8361641924987,0.5465407565845833,1
36047990100,Brooklyn,Census Tract 9901,0,17.793946774970447,0.0,0,0.0,2672.191528167267,-2.5931895885868843,0
36047079202,Brooklyn,Census Tract 792.02,2478,0.10794076750232828,22957.035208653204,0,2478.0,2883.5430596258843,0.6497892257053466,1
36047079001,Brooklyn,Census Tract 790.01,1841,0.0604678946999223,30445.908678252123,0,1841.0,2480.916148519225,0.5616121693902364,1
36047079002,Brooklyn,Census Tract 790.02,3182,0.12252100585956163,25971.056780641622,0,3182.0,1702.9644061667047,0.4615063504598678,1
36047003101,Brooklyn,Census Tract 31.01,3547,0.14987993255662774,23665.60979509295,0,3547.0,729.0445781559357,0.051723829255169496,0
36047078801,Brooklyn,Census Tract 788.01,1862,0.09315424808195696,19988.353063209906,0,1862.0,856.6975437121004,-0.026567215621800408,0
36047078601,Brooklyn,Census Tract 786.01,2182,0.0871418535163489,25039.63264438287,0,2182.0,571.8468134430618,-0.15646159735955995,0
36047078602,Brooklyn,Census Tract 786.02,2225,0.08392947337047342,26510.35340325107,1,1112.5,580.2107580433261,-0.2761025163975365,0
36047014102,Brooklyn,Census Tract 141.02,2102,0.08963045252532913,23451.850802672063,0,2102.0,1288.5121410868624,0.22424509041414661,0
36047014101,Brooklyn,Census Tract 141.01,1357,0.07585245648230884,17889.994113987523,0,1357.0,1671.4597270504291,0.21985951207908316,0
36047014901,Brooklyn,Census Tract 149.01,1561,0.07497236892999058,20821.0040882884,0,1561.0,1596.953688428245,0.25030857398574186,0
36047014902,Brooklyn,Census Tract 149.02,4388,0.1748584722439043,25094.580455211366,0,4388.0,1028.8555568661727,0.2733312328514574,0
36047059403,Brooklyn,Census Tract 594.03,2839,0.2067202018454078,13733.539221885523,0,2839.0,1032.7821183867782,0.08961653689791228,0
36047059404,Brooklyn,Census Tract 594.04,4244,0.21389984484382826,19841.061610393466,1,2122.0,535.3161097849388,-0.23217643958013565,0
36047102801,Brooklyn,Census Tract 1028.01,1315,0.15389468774210754,8544.804367800145,0,1315.0,1208.0610607823796,-0.06565898700031299,0
36047078802,Brooklyn,Census Tract 788.02,1870,0.06395710841559145,29238.34498346601,1,935.0,388.64694639614646,-0.49188697858427705,0
36047005301,Brooklyn,Census Tract 53.01,2262,2.7288932169140083,828.9074801387801,2,754.0,2493.4921102096387,-0.19962259808521796,0
36047005302,Brooklyn,Census Tract 53.02,111,4.004591257847546,27.718184666782225,1,55.5,4338.032676200761,-0.9961547372126237,0
36047009402,Brooklyn,Census Tract 94.02,3089,0.07554419365995553,40889.972482920515,0,3089.0,2158.527325725262,0.6455050306451365,1
36047009202,Brooklyn,Census Tract 92.02,2866,0.05662451131208642,50614.1233467609,0,2866.0,2176.785041853483,0.6690669306992363,1
36047009201,Brooklyn,Census Tract 92.01,1850,0.05659258676918653,32689.793939712366,0,1850.0,1408.661942956775,0.29604306290920435,0
36047009002,Brooklyn,Census Tract 90.02,1686,0.07394536951906501,22800.616332917318,0,1686.0,2472.012534577024,0.49524911898579754,1
36047044902,Brooklyn,Census Tract 449.02,0,1.932427461301646,0.0,0,0.0,2191.3220979664447,-2.6906738337688036,0
36047079201,Brooklyn,Census Tract 792.01,1418,0.1087500418132945,13039.075446375156,0,1418.0,2714.3009060587474,0.41572610506592106,0
36047001501,Brooklyn,Census Tract 15.01,4925,0.16523986239793956,29805.15674927972,0,4925.0,757.5735600880969,0.1742263040998787,0
36047044901,Brooklyn,Census Tract 449.01,2567,0.3860351696022042,6649.6531977778195,2,855.6666666666666,1390.7757979872858,-0.12382574595155056,0
36047049301,Brooklyn,Census Tract 493.01,2169,0.0678208850684763,31981.298943681417,0,2169.0,776.7352381011899,0.03227195813651784,0
36047049302,Brooklyn,Census Tract 493.02,4691,0.16018727341901276,29284.473728006044,0,4691.0,937.9810577229238,0.26641806016972963,0
36047035301,Brooklyn,Census Tract 353.01,3002,0.06991741477364917,42936.37014066786,0,3002.0,796.8107286146802,0.1581521043034868,0
36047035302,Brooklyn,Census Tract 353.02,3189,0.09318472597392327,34222.34670618023,0,3189.0,674.0655400554588,0.0514917632415543,0
36047035101,Brooklyn,Census Tract 351.01,1805,0.06988893792517252,25826.69094116935,0,1805.0,718.5256828141661,-0.07768716050467565,0
36047035102,Brooklyn,Census Tract 351.02,3253,0.0931170267729751,34934.53466819778,1,1626.5,578.9468436716919,-0.15579587327306713,0
36047034901,Brooklyn,Census Tract 349.01,2339,0.0699555923141719,33435.49704354595,0,2339.0,1258.1507631685695,0.2915550101130633,0
36047034902,Brooklyn,Census Tract 349.02,3499,0.09325592049087564,37520.40601371095,0,3499.0,672.3123155289069,0.08385373239926346,0
36047056302,Brooklyn,Census Tract 563.02,2140,0.258524239431329,8277.753779325754,1,1070.0,110.10859577193843,-1.285846317001408,0
36047056301,Brooklyn,Census Tract 563.01,4778,0.17951130535581936,26616.708014736232,0,4778.0,819.0444069408394,0.1880816889293169,0
36047120802,Brooklyn,Census Tract 1208.02,4569,0.11729576565337613,38952.81278526264,0,4569.0,1050.9500904103627,0.3631510115279027,0
36047103402,Brooklyn,Census Tract 1034.02,0,0.7123092592321596,0.0,1,0.0,1096.7739138119127,-3.0306818599536656,0
36047103401,Brooklyn,Census Tract 1034.01,4190,0.17608676088578362,23795.08816519028,1,2095.0,585.5682578638548,-0.16130010579843287,0
36047031402,Brooklyn,Census Tract 314.02,0,0.5691738854079493,0.0,1,0.0,904.202479761736,-3.1254965098806813,0
36047031401,Brooklyn,Census Tract 314.01,4938,0.6770411965194527,7293.500049015292,1,2469.0,916.352528995935,-0.0998219628848332,0
36047003102,Brooklyn,Census Tract 31.02,0,0.13629645486790373,0.0,2,0.0,335.4418803301489,-3.6120202772133343,0
36047050001,Brooklyn,Census Tract 500.01,2279,0.1400522819382281,16272.494588879194,2,759.6666666666666,307.58460779936775,-0.743367304482935,0
36047001802,Brooklyn,Census Tract 18.02,0,1.0547922293974072,0.0,0,0.0,3171.6083064064137,-2.508992897519257,0
36047001801,Brooklyn,Census Tract 18.01,1564,0.7174498106884969,2179.9434283760083,0,1564.0,3369.3987883384325,0.2520899112995563,0
36047001804,Brooklyn,Census Tract 18.04,0,1.7361751816901394,0.0,0,0.0,4070.605088534831,-2.386354273357043,0
36047058902,Brooklyn,Census Tract 589.02,0,0.2607488999310147,0.0,0,0.0,2161.479285458012,-2.697411261168097,0
36047010601,Brooklyn,Census Tract 106.01,2230,0.07543477118095784,29561.964132568664,0,2230.0,2027.1183672121495,0.4962910128099323,1
36047053102,Brooklyn,Census Tract 531.02,6226,0.08294278430525936,75063.79309725213,0,6226.0,1347.6361705714426,0.6540431400719903,1
36047050402,Brooklyn,Census Tract 504.02,1935,0.08433977278301295,22942.912177132785,0,1935.0,1262.371125490961,0.19390691574680072,0
36047009001,Brooklyn,Census Tract 90.01,1300,0.07454799454471758,17438.430207806538,0,1300.0,1838.680368820748,0.25390020215382114,0
36047005303,Brooklyn,Census Tract 53.03,52,0.3642809946191268,142.74694746117208,0,52.0,2037.4606990410082,-1.119561559310428,0
36047102802,Brooklyn,Census Tract 1028.02,0,1.0821528404136596,0.0,2,0.0,1430.4045021243658,-2.9002329241956204,0
36047107003,Brooklyn,Census Tract 1070.03,0,0.2751312601213536,0.0,0,0.0,1181.944759997085,-2.993950487897235,0
36047011902,Brooklyn,Census Tract 119.02,0,0.24760966181504054,0.0,0,0.0,2836.2146105819356,-2.5639167003167276,0
36047001502,Brooklyn,Census Tract 15.02,5418,0.14214528400633822,38115.93214558151,0,5418.0,1720.1921383728763,0.6360955249976864,1
36047011901,Brooklyn,Census Tract 119.01,1466,0.47028032394947067,3117.289678820402,0,1466.0,1447.0151830171303,-0.11835995894136196,0
36047001803,Brooklyn,Census Tract 18.03,6,3.2518309108638235,1.8451143876992506,1,3.0,2934.911404952564,-2.0976544188631565,0
36047035702,Brooklyn,Census Tract 357.02,0,0.11025507531590667,0.0,1,0.0,275.5274619182929,-3.708424784358737,0
36047107001,Brooklyn,Census Tract 1070.01,3852,1.2071895339396963,3190.882534765599,2,1284.0,1068.823252823243,-0.2901424012254364,0
36047050401,Brooklyn,Census Tract 504.01,2824,0.14497130485608686,19479.71705713339,0,2824.0,818.8849186876894,0.03120703069779889,0
36047057902,Brooklyn,Census Tract 579.02,0,0.5479536887501857,0.0,0,0.0,3140.252096948317,-2.5138754627412854,0
36047010401,Brooklyn,Census Tract 104.01,2183,0.07614248896500492,28669.932250353762,0,2183.0,2339.095154332807,0.557361841446564,1
36047009401,Brooklyn,Census Tract 94.01,1985,0.07548332915035588,26297.19730625635,0,1985.0,1504.8761666848786,0.3074760030592287,0
36047120803,Brooklyn,Census Tract 1208.03,1583,0.15523990802980545,10197.120187008037,0,1583.0,1461.3640420761747,0.09392418478149478,0
36047057901,Brooklyn,Census Tract 579.01,1427,0.2529099840262355,5642.3237125030655,0,1427.0,2039.1407754203,0.14080387392882052,0
36047050002,Brooklyn,Census Tract 500.02,1726,0.06217684169098544,27759.53157251215,0,1726.0,790.9558985318804,-0.02788602212850032,0
36047035701,Brooklyn,Census Tract 357.01,2657,0.06980789183157027,38061.59920157315,0,2657.0,1306.5291322318578,0.35682259028569163,0
36047010402,Brooklyn,Census Tract 104.02,1861,0.07617023786136463,24432.11485550505,0,1861.0,1823.315793032114,0.3768328568111197,0
36047010801,Brooklyn,Census Tract 108.01,1951,0.0754891517549857,25844.773118293062,0,1951.0,2135.2702633184176,0.4730719021378955,1
36047010602,Brooklyn,Census Tract 106.02,2192,0.07549806057986831,29033.858395357252,0,2192.0,1261.3099640097955,0.25681472815395995,0
36047010802,Brooklyn,Census Tract 108.02,2585,0.0754885744964864,34243.59271905867,0,2585.0,1428.5630100201665,0.3780150085285892,0
36047058901,Brooklyn,Census Tract 589.01,1876,0.20162347412627735,9304.47215102075,0,1876.0,1290.241069569756,0.05220079330078198,0
36047120801,Brooklyn,Census Tract 1208.01,4520,0.20218980875036482,22355.23159122551,0,4520.0,739.165651454124,0.09822954271731986,0
36047107002,Brooklyn,Census Tract 1070.02,0,2.516659507972853,0.0,0,0.0,2773.5629684965334,-2.5748932527184687,0
36047053101,Brooklyn,Census Tract 531.01,2629,0.07883224809538605,33349.29630344859,0,2629.0,1617.934156638773,0.4382883792985797,1
36005022703,Bronx,Census Tract 227.03,1728,0.03865930008500247,44698.17084635638,1,864.0,119.75896204604395,-1.0149217639381554,0
36005022901,Bronx,Census Tract 229.01,5541,0.12189284245549357,45457.960355819676,0,5541.0,1098.326358880241,0.448782489206021,1
36005023000,Bronx,Census Tract 230,2555,0.1593822586241989,16030.642444491472,0,2555.0,1058.651086238268,0.10552948184490203,0
36005023200,Bronx,Census Tract 232,2462,0.1427042622450184,17252.462969696233,1,1231.0,502.71183282599105,-0.39559878829345047,0
36005023302,Bronx,Census Tract 233.02,3665,0.06257731973935371,58567.54516277484,0,3665.0,887.3070862334072,0.3015617983128281,0
36005023502,Bronx,Census Tract 235.02,4284,0.09623755427051876,44514.84695837031,0,4284.0,729.9987362078668,0.19283409181021374,0
36005023600,Bronx,Census Tract 236,1602,0.09206756529336989,17400.264630603473,0,1602.0,1729.781787152958,0.2657247288373658,0
36005023900,Bronx,Census Tract 239,9384,0.17848700293704914,52575.2567166454,0,9384.0,1431.3487632422316,0.7088472698033218,1
36005024000,Bronx,Census Tract 240,4147,0.23977736201365157,17295.210712026656,0,4147.0,1203.2982714883597,0.27855143076827577,0
36005024300,Bronx,Census Tract 243,4401,0.15042944561122595,29256.240240185867,0,4401.0,1922.7511186557444,0.605944349887672,1
36005024600,Bronx,Census Tract 246,2117,0.15243287073373257,13888.080633854515,0,2117.0,1452.0000673081627,0.19949826854906108,0
36005024700,Bronx,Census Tract 247,1772,0.1514709161268301,11698.615452462593,1,886.0,273.52093547062105,-0.8232729636132795,0
36005024800,Bronx,Census Tract 248,3528,0.27790659071837637,12694.913031318452,0,3528.0,1596.122287802733,0.33458750777076524,0
36005024900,Bronx,Census Tract 249,0,0.1741907821636157,0.0,0,0.0,1059.6360641379945,-3.047599570058789,0
36005025000,Bronx,Census Tract 250,2755,0.18170962769333182,15161.55216964929,0,2755.0,1381.500642501151,0.24245764261021566,0
36005025300,Bronx,Census Tract 253,5589,0.12445480739720274,44907.867497335574,0,5589.0,982.2137117435932,0.3936805404023589,0
36005025400,Bronx,Census Tract 254,1967,0.1699213657923594,11575.942735792483,1,983.5,186.49638814121832,-0.9913300086595677,0
36005025500,Bronx,Census Tract 255,6565,0.16863398359815068,38930.46858007092,0,6565.0,816.8134906471063,0.31251424438703945,0
36005025600,Bronx,Census Tract 256,1664,0.18927886304386768,8791.26159804937,0,1664.0,1603.4441252980353,0.1255533502514811,0
36005025700,Bronx,Census Tract 257,1687,0.1764895343976445,9558.640435863235,0,1687.0,1754.3933709226028,0.18607928364889992,0
36005026100,Bronx,Census Tract 261,2109,0.17699768376527875,11915.41016320191,0,2109.0,1119.0233050939535,0.045974002119871925,0
36005026400,Bronx,Census Tract 264,5735,0.42650830745857754,13446.396939306938,1,2867.5,1403.1166456376527,0.23872280024311573,0
36005026500,Bronx,Census Tract 265,7792,0.20213363434005607,38548.75526005366,0,7792.0,559.8295590368114,0.16010285741730126,0
36005026601,Bronx,Census Tract 266.01,2864,0.17024602876562533,16822.712522374415,0,2864.0,1835.608930862728,0.4067532457764058,0
36005026602,Bronx,Census Tract 266.02,5119,0.3033922280328505,16872.54822969865,0,5119.0,962.1345091852419,0.20723290052179003,0
36005026900,Bronx,Census Tract 269,4185,0.40910596829485857,10229.62343336851,1,2092.5,1754.5551993137701,0.24061018759300334,0
36005027300,Bronx,Census Tract 273,7120,0.20315791698002578,35046.62828719606,0,7120.0,615.9322528442708,0.1733235271388752,0
36005027600,Bronx,Census Tract 276,57,2.337738370686516,24.382540285404563,2,19.0,1704.2601510341383,-1.6850679294012572,0
36005027700,Bronx,Census Tract 277,4188,0.17601628019628335,23793.253642957236,0,4188.0,1016.1104271794994,0.24916171582104174,0
36005027900,Bronx,Census Tract 279,8112,0.2763282127446324,29356.39441021056,2,2704.0,514.0760424110191,-0.1396377412410238,0
36005028300,Bronx,Census Tract 283,2486,0.22743740062122503,10930.480181402496,0,2486.0,523.110407505785,-0.30808687774557314,0
36005028400,Bronx,Census Tract 284,480,1.124673689925065,426.7904586902727,0,480.0,1562.1614236031742,-0.6278010971559663,0
36005028500,Bronx,Census Tract 285,3309,0.263653652018516,12550.556287259826,0,3309.0,1408.8725676922131,0.2584904010245603,0
36005028900,Bronx,Census Tract 289,4400,0.20114078922790518,21875.224895406584,2,1466.6666666666667,431.2445131912263,-0.3969993793646563,0
36005029500,Bronx,Census Tract 295,4639,0.23646428785315157,19618.18438681489,0,4639.0,1558.3672263540964,0.4486239756044654,1
36005029600,Bronx,Census Tract 296,2341,0.7233040001791252,3236.536780413567,0,2341.0,3044.9969953477207,0.34777871047010334,0
36005030000,Bronx,Census Tract 300,6811,0.4156916976242599,16384.73907207164,1,3405.5,965.2841785738261,0.12176133393851733,0
36005030100,Bronx,Census Tract 301,1570,0.14599845393219088,10753.538532190129,0,1570.0,1083.6653635245161,-0.0460085289243505,0
36005030701,Bronx,Census Tract 307.01,5492,0.39672926087708743,13843.193687953111,0,5492.0,2683.280121374066,0.6932348682926794,1
36005031000,Bronx,Census Tract 310,4409,0.639440131969827,6895.094285711873,1,2204.5,641.9009295726659,-0.30655734241647464,0
36005031800,Bronx,Census Tract 318,2038,0.17836352521817922,11426.102940649227,0,2038.0,1385.542541537863,0.13719943905450174,0
36005031900,Bronx,Census Tract 319,762,0.4197039893271459,1815.5653016822894,0,762.0,4388.810225775052,0.207236771119125,0
36005032300,Bronx,Census Tract 323,4811,0.5611749849275681,8573.083493058703,0,4811.0,1378.912934531278,0.2617969870564765,0
36005032400,Bronx,Census Tract 324,2963,0.2674518359343888,11078.63024999717,1,1481.5,597.9440599762503,-0.34482283390202545,0
36005033400,Bronx,Census Tract 334,26,3.1072679474818377,8.36747922594531,6,3.7142857142857144,1563.8530030179406,-2.1807452148278177,0
36005034000,Bronx,Census Tract 340,5337,0.15834223533896266,33705.47339170186,1,2668.5,598.781432897964,-0.04508794847354745,0
36005034200,Bronx,Census Tract 342,1518,0.15681767544088343,9680.031257523966,0,1518.0,1060.1620006191665,-0.08061179902657359,0
36005034300,Bronx,Census Tract 343,1854,0.12149409035811248,15260.001490897235,0,1854.0,2508.8794581756156,0.45666320282807055,1
36005034400,Bronx,Census Tract 344,1940,0.15701063909364144,12355.850604766856,0,1940.0,1329.8089301598682,0.11975098927151666,0
36005037800,Bronx,Census Tract 378,3254,0.13184667299647757,24680.18286731387,0,3254.0,1382.9012929241583,0.35549604407031365,0
36005037900,Bronx,Census Tract 379,6511,0.19132745396945144,34030.66243195599,0,6511.0,1171.6326612920845,0.4662059628976258,1
36005038000,Bronx,Census Tract 380,4474,0.21358172838251818,20947.484758561397,0,4474.0,897.350461762268,0.18083876769084362,0
36005038100,Bronx,Census Tract 381,7378,0.15150625092258468,48697.66069104267,1,3689.0,923.5107998840394,0.29262415087438387,0
36005038500,Bronx,Census Tract 385,5574,0.18894127029704944,29501.230679970955,1,2787.0,1223.1743687164067,0.29282186946494354,0
36005038600,Bronx,Census Tract 386,8273,0.4092884531580606,20213.128262392245,0,8273.0,1848.545836659013,0.6542145359652932,1
36005038700,Bronx,Census Tract 387,3725,0.18149551041896436,20523.923657401814,0,3725.0,1057.6175634220224,0.2212180664230833,0
36005038900,Bronx,Census Tract 389,5823,0.17034189003886174,34184.19273539552,1,2911.5,479.25380479001865,-0.13445367522281376,0
36005039100,Bronx,Census Tract 391,6555,0.20572166027370492,31863.44107508572,1,3277.5,496.15646036307356,-0.10492155002029135,0
36005039200,Bronx,Census Tract 392,1522,0.09613157057619617,15832.467844615381,0,1522.0,731.5699294457988,-0.18254983343330392,0
36005039300,Bronx,Census Tract 393,9019,0.18171696265789206,49632.13047413491,0,9019.0,1382.1898061541103,0.6743343877268339,1
36005039400,Bronx,Census Tract 394,4473,0.14521829123684435,30801.904924667808,0,4473.0,1266.6412133739573,0.4125177752750395,0
36005039700,Bronx,Census Tract 397,3868,0.5252463649575981,7364.16329185306,1,1934.0,1485.1316569108014,0.08957302021863926,0
36005039902,Bronx,Census Tract 399.02,5116,0.12139842609232751,42142.226754316514,0,5116.0,612.0003792831913,0.13327446811145202,0
36005040100,Bronx,Census Tract 401,4630,0.17042844232721566,27166.82694963901,1,2315.0,382.26491004031357,-0.32886410246556985,0
36005040600,Bronx,Census Tract 406,3802,0.22332386347510214,17024.60248017282,1,1901.0,509.0098930653884,-0.30390520292010087,0
36005040701,Bronx,Census Tract 407.01,2779,0.058235304078037786,47720.193858282626,0,2779.0,1507.6775335722307,0.4728612615779905,1
36005040702,Bronx,Census Tract 407.02,6840,0.18216100734821766,37549.19946684696,0,6840.0,1577.309365391458,0.6381478045331663,1
36005034500,Bronx,Census Tract 345,4155,0.2746238376707032,15129.786384320323,0,4155.0,1135.3174358566023,0.22871247445153722,0
36005035000,Bronx,Census Tract 350,2023,0.19162459571847473,10557.099898449833,0,2023.0,1062.501246200641,-0.00749166015443369,0
36081018300,Queens,Census Tract 183,5459,0.215018745648731,25388.484076259043,0,5459.0,954.5863060208292,0.28253847460310083,0
36081070900,Queens,Census Tract 709,2952,0.21953315122471326,13446.716286499912,0,2952.0,1363.6636681287298,0.23058236674003862,0
36081006900,Queens,Census Tract 69,4531,0.21077710777405415,21496.64186898834,0,4531.0,1239.2431961200152,0.34612028447555576,0
36081015900,Queens,Census Tract 159,3535,0.1696858234123714,20832.618358513217,0,3535.0,1005.3712061097367,0.1881817646496873,0
36081011600,Queens,Census Tract 116,2069,0.1369374138396219,15109.092117243921,1,1034.5,574.0681603436492,-0.38706533859653475,0
36081055100,Queens,Census Tract 551,4419,0.15513348407126823,28485.146365757595,0,4419.0,1110.3548671189158,0.3327190698387959,0
36081048100,Queens,Census Tract 481,6530,0.13905031216947467,46961.4192022901,1,3265.0,736.0907161596432,0.15071548770233203,0
36081046100,Queens,Census Tract 461,2512,0.11282146400915613,22265.266827207066,0,2512.0,1921.0952774448467,0.44803218984146537,1
36081058500,Queens,Census Tract 585,4265,0.1711615984014884,24917.972488172978,0,4265.0,933.5002581639807,0.21868241155094345,0
36081023600,Queens,Census Tract 236,3443,0.17627827664071383,19531.618220987264,0,3443.0,1518.1809935504489,0.3748494363548461,0
36081074700,Queens,Census Tract 747,3425,0.29550560072514137,11590.304859181655,0,3425.0,1667.2576410156412,0.33527945379346596,0
36081012100,Queens,Census Tract 121,2013,0.13789822156304407,14597.722705797914,0,2013.0,1135.933440805903,0.07681719279327674,0
36081014400,Queens,Census Tract 144,1633,0.2198251013464059,7428.63299049128,0,1633.0,1212.3032612146121,-0.04288053347884957,0
36081032700,Queens,Census Tract 327,3813,0.15084989862168652,25276.781985532172,0,3813.0,1320.2981552802448,0.3686296043209911,0
36081053800,Queens,Census Tract 538,1800,0.18875242768154785,9536.30118621232,0,1800.0,1872.372105257802,0.2307672200290386,0
36081050600,Queens,Census Tract 506,1615,0.20612749683446693,7834.9566399525265,0,1615.0,1686.9487569051485,0.12580697357586287,0
36081061000,Queens,Census Tract 610,1250,0.23686107757892785,5277.3550334941365,1,625.0,625.2109823522464,-0.6172309736937635,0
36081129102,Queens,Census Tract 1291.02,3654,0.9918592644222293,3683.9903916494663,0,3654.0,1102.1321000988828,-0.04060221624077113,0
36081027500,Queens,Census Tract 275,7128,0.1776236333727405,40129.79503150912,0,7128.0,1535.837315017175,0.6441560197478194,1
36081026100,Queens,Census Tract 261,7466,0.22160081994473177,33691.21107883109,0,7466.0,1103.944089088338,0.46300340890266223,1
36081002000,Queens,Census Tract 20,1609,0.146395605673339,10990.76705615232,0,1609.0,1132.6551048693439,-0.015804583880948478,0
36081120100,Queens,Census Tract 1201,1585,0.16289098364407958,9730.43421152923,0,1585.0,2640.990547771248,0.3773449561965044,0
36081107201,Queens,Census Tract 1072.01,2323,1.3859382961081281,1676.1207959425376,1,1161.5,1213.5131162628418,-0.35226792731933343,0
36081058700,Queens,Census Tract 587,3470,0.14453081173712723,24008.721450421515,0,3470.0,945.7608127002055,0.17740161165861626,0
36081010100,Queens,Census Tract 101,2611,0.17275667420347515,15113.743142130235,0,2611.0,1837.2511456398863,0.3711625021423175,0
36081056200,Queens,Census Tract 562,1339,0.16059200843556365,8337.899332875359,0,1339.0,1293.8967822302066,-0.03226228501790764,0
36081024600,Queens,Census Tract 246,0,0.3035352100151387,0.0,0,0.0,2065.8196075950796,-2.719652066737808,0
36081016400,Queens,Census Tract 164,3281,0.1978212318086632,16585.681779463648,0,3281.0,2390.107302487332,0.5616027203579469,1
36081020200,Queens,Census Tract 202,1752,0.15311749669247457,11442.193334173726,0,1752.0,2418.1751223921588,0.3805077865906203,0
36081050202,Queens,Census Tract 502.02,1534,0.15285119187892945,10035.904732853196,0,1534.0,1124.7481994129978,-0.04360361330747484,0
36081059600,Queens,Census Tract 596,1520,0.19454945736040324,7812.923359555803,0,1520.0,970.4310545639457,-0.15848213216043758,0
36081063000,Queens,Census Tract 630,1720,0.19047669098562514,9029.976272161326,1,860.0,1344.200243912077,-0.08998102169678619,0
36081022002,Queens,Census Tract 220.02,6860,0.30617146424781305,22405.745802775284,0,6860.0,1799.2346098645125,0.6197767515059152,1
36081085500,Queens,Census Tract 855,6143,0.13050825481845607,47069.819518659875,1,3071.5,667.0550891231849,0.09040830849242178,0
36081011100,Queens,Census Tract 111,2995,0.15073521485412603,19869.278740859663,0,2995.0,928.9707661247814,0.10822058542782946,0
36081067900,Queens,Census Tract 679,4199,0.25360870640889316,16557.002555069837,0,4199.0,1960.5241072438373,0.5138035234737491,1
36081012000,Queens,Census Tract 120,2453,0.14452195113899652,16973.20013096685,0,2453.0,1978.42255126805,0.41372107251566304,0
36081005700,Queens,Census Tract 57,4077,0.22356399331089596,18236.389230757657,0,4077.0,2035.7945994866373,0.5420062115834906,1
36081033700,Queens,Census Tract 337,2784,0.15083955417813466,18456.69735083029,0,2784.0,1247.7609708380105,0.22641299253911815,0
36081085700,Queens,Census Tract 857,5502,0.13251872292059283,41518.66150488697,0,5502.0,569.4092486734286,0.11015442262331865,0
36081062300,Queens,Census Tract 623,2273,0.15665651503120098,14509.450816950006,1,1136.5,938.7093459455089,-0.1332417766651418,0
36081045900,Queens,Census Tract 459,3832,0.1368845079306915,27994.402419448736,0,3832.0,1343.9304727076526,0.3948885226144147,0
36081111300,Queens,Census Tract 1113,2733,0.8362374909417802,3268.210322550911,0,2733.0,2490.101131483882,0.2817668216824992,0
36081140300,Queens,Census Tract 1403,2341,0.37432243527473774,6253.966579058504,0,2341.0,1831.135285759011,0.20456506597403493,0
36081005200,Queens,Census Tract 52,2671,0.13062241701465394,20448.25123470463,0,2671.0,642.218970448234,-0.0914769972482431,0
36081019800,Queens,Census Tract 198,2888,0.2077179054056514,13903.471606648629,0,2888.0,2065.820291884085,0.4356183922335399,1
36081071900,Queens,Census Tract 719,3444,0.1659541194128854,20752.72377801905,1,1722.0,532.0147889698197,-0.270113563359928,0
36081026400,Queens,Census Tract 264,2570,0.25444872637048627,10100.26670857841,0,2570.0,1739.8368879501243,0.2759208702166062,0
36081014100,Queens,Census Tract 141,1552,0.17106803071411417,9072.41401868754,0,1552.0,1673.3478097871957,0.13754634301731306,0
36081001400,Queens,Census Tract 14,3966,0.21371386276517956,18557.523357095866,0,3966.0,1097.7514211856396,0.23585928629806144,0
36081052600,Queens,Census Tract 526,2312,0.18257385936381476,12663.36817360518,0,2312.0,1208.1697776418853,0.11204019489629975,0
36081009700,Queens,Census Tract 97,3820,0.20180161000488836,18929.48227671457,0,3820.0,1495.970378122729,0.3835250964571845,0
36081115900,Queens,Census Tract 1159,3850,0.3089900489547705,12459.948186109894,0,3850.0,1723.7797693347777,0.38700311471229276,0
36081026700,Queens,Census Tract 267,4982,0.209796389415072,23746.83384156509,1,2491.0,463.7849850667594,-0.24106050612822064,0
36081010400,Queens,Census Tract 104,3455,0.18647409801622875,18528.04242924566,0,3455.0,1514.9675787640447,0.36596740076942713,0
36081012601,Queens,Census Tract 126.01,2676,0.15018825579717385,17817.638175476804,0,2676.0,1365.2631901828834,0.2569202538850725,0
36081036100,Queens,Census Tract 361,2307,0.1573749950575357,14659.253836078404,0,2307.0,580.1195878670744,-0.22488141885729593,0
36081040000,Queens,Census Tract 400,1495,0.1962988076950657,7615.940298131415,0,1495.0,1991.8996556363725,0.18726436918039124,0
36081045200,Queens,Census Tract 452,993,0.2178965793659867,4557.207840936881,2,331.0,593.9046409711492,-0.7943381557921038,0
36081048000,Queens,Census Tract 480,2301,0.2302553602344487,9993.252698469625,0,2301.0,2396.1380278498673,0.40912514394348126,0
36081051200,Queens,Census Tract 512,2657,0.37578857102825486,7070.465162710403,0,2657.0,1578.0791893850449,0.1769434170698457,0
36081053200,Queens,Census Tract 532,2185,0.18979956373746595,11512.144480070196,0,2185.0,2525.6931659782613,0.44746984637097426,1
36081059000,Queens,Census Tract 590,1207,0.15859821726507592,7610.42602378474,0,1207.0,1233.9730922487129,-0.0912916410371835,0
36081060300,Queens,Census Tract 603,1884,0.1813658524953594,10387.842992926167,0,1884.0,1970.395437681547,0.27890107313572077,0
36081063200,Queens,Census Tract 632,2462,0.2967863402834736,8295.530035676293,0,2462.0,1442.1472207789304,0.14317984424845429,0
36081066701,Queens,Census Tract 667.01,2747,0.2526295837881203,10873.627541198426,0,2747.0,1584.2855296964913,0.25531014900306226,0
36081070300,Queens,Census Tract 703,2253,0.2410457552230178,9346.773179704007,0,2253.0,1511.562941834639,0.16768230592134747,0
36081076901,Queens,Census Tract 769.01,5151,0.18102451057663121,28454.71026874828,1,2575.5,289.8200862777612,-0.43551060719071394,0
36081085300,Queens,Census Tract 853,4969,0.19522362514299516,25452.862051713077,2,1656.3333333333333,411.53581479995586,-0.37085045503684794,0
36081097202,Queens,Census Tract 972.02,3442,1.708746669837129,2014.3418920770027,1,1721.0,1951.2623511011611,-0.009804720578934077,0
36081041300,Queens,Census Tract 413,4504,0.15880112708614771,28362.519099481164,1,2252.0,350.5156921996665,-0.36996668684399364,0
36081065501,Queens,Census Tract 655.01,0,0.8120781133782639,0.0,0,0.0,2823.560352137052,-2.5661140578212813,0
36081077904,Queens,Census Tract 779.04,5426,0.38571986747130355,14067.203837779185,0,5426.0,1916.9080655471914,0.5281376082971297,1
36081114700,Queens,Census Tract 1147,1891,0.30843377010305406,6130.975863531993,0,1891.0,1436.457366316037,0.038980986198296416,0
36081001600,Queens,Census Tract 16,2501,0.15149943985331285,16508.31186188911,0,2501.0,699.5354225069746,-0.0974654231531517,0
36081014201,Queens,Census Tract 142.01,4549,0.21091174540117386,21568.263025595737,0,4549.0,1942.5427838205187,0.5682758728643641,1
36081113300,Queens,Census Tract 1133,1410,0.2538255778315243,5554.995725985825,0,1410.0,2424.016708143089,0.22081107694493043,0
36081115700,Queens,Census Tract 1157,3273,0.31461885415419305,10403.063760431598,0,3273.0,2028.4020716727357,0.4049362099512251,0
36081118500,Queens,Census Tract 1185,1808,0.15507772455101218,11658.66990397622,0,1808.0,2287.6564650119544,0.36263333901014944,0
36081118700,Queens,Census Tract 1187,2513,0.1872322208968905,13421.835130524454,0,2513.0,1724.0521772629484,0.3129641406265276,0
36081121100,Queens,Census Tract 1211,0,1.0259094693499327,0.0,3,0.0,1256.808793020786,-2.9637856190368126,0
36081137700,Queens,Census Tract 1377,6652,0.7496781761831508,8873.140784046083,1,3326.0,1232.7523602252534,0.13777151095470522,0
36081145900,Queens,Census Tract 1459,2630,0.3723790413385371,7062.696091988204,0,2630.0,2442.985299884474,0.38941476017157095,0
36081157102,Queens,Census Tract 1571.02,2005,0.3200389955332915,6264.861557445531,0,2005.0,2088.651301253152,0.23820763143564083,0
36081000400,Queens,Census Tract 4,4684,0.22487711291041515,20829.15392935508,0,4684.0,1993.4295828544584,0.5812402861594156,1
36081000600,Queens,Census Tract 6,3888,0.21428483349098237,18144.074578958087,0,3888.0,2518.2987296362658,0.636106050237408,1
36081000800,Queens,Census Tract 8,3617,0.18982291961079853,19054.6010324574,0,3617.0,1522.25750886171,0.3821198691475378,0
36081001000,Queens,Census Tract 10,4899,0.16125459828407998,30380.529002772993,0,4899.0,1505.0728049287547,0.5133835704283379,1
36081001200,Queens,Census Tract 12,4596,0.22715626773855263,20232.76771429351,1,2298.0,195.86701042199383,-0.7055684526922903,0
36081001800,Queens,Census Tract 18,2865,0.17748684202093162,16142.0416712475,1,1432.5,597.1977128434494,-0.2912601081880692,0
36081002200,Queens,Census Tract 22,2324,0.147488259344598,15757.186438617498,0,2324.0,1870.661763805264,0.36325297873880263,0
36081002400,Queens,Census Tract 24,2185,0.14189875236107966,15398.303111502953,0,2185.0,1739.1290417724024,0.3112468062990925,0
36081002500,Queens,Census Tract 25,6032,0.21042575995389995,28665.69188735015,1,3016.0,291.8745198018993,-0.3989656301266367,0
36081002600,Queens,Census Tract 26,2218,0.14803087835885104,14983.36039473606,0,2218.0,1402.786925536348,0.2042671150229061,0
36081002800,Queens,Census Tract 28,3160,0.2250418923032347,14041.830023994065,0,3160.0,1557.7831367522174,0.31672635934296595,0
36081003000,Queens,Census Tract 30,1497,0.11278849264789997,13272.630610228063,0,1497.0,1758.392318870524,0.21623841556088189,0
36081003100,Queens,Census Tract 31,1663,0.16495910521706594,10081.286497109062,0,1663.0,1666.5535254694519,0.16657332770248398,0
36081003200,Queens,Census Tract 32,1835,0.1619610794529179,11329.882501390926,0,1835.0,1828.469635138196,0.2509115369375179,0
36081056400,Queens,Census Tract 564,1493,0.1872412779949975,7973.669139557402,0,1493.0,1677.8269902116726,0.11012616599408792,0
36081052000,Queens,Census Tract 520,1544,0.17221068024614286,8965.76215710397,0,1544.0,1033.5249005538826,-0.10209448533977165,0
36081027600,Queens,Census Tract 276,1515,0.15873054526631497,9544.476757502238,0,1515.0,1107.6014158672708,-0.061796615815324994,0
36081046000,Queens,Census Tract 460,5703,0.22126718879679055,25774.26879697728,1,2851.5,356.92367566483915,-0.3289181992570549,0
36081010800,Queens,Census Tract 108,3255,0.15757987021637077,20656.19165398857,0,3255.0,1713.946824226129,0.43215906958807904,1
36081092500,Queens,Census Tract 925,3957,0.312418652209674,12665.697044696079,1,1978.5,393.88984426727063,-0.46949574413618067,0
36081066900,Queens,Census Tract 669,1773,0.16009285046008578,11074.823109868,0,1773.0,1789.2385155549546,0.229627247381522,0
36081023200,Queens,Census Tract 232,5065,0.3304671804045682,15326.786744145878,0,5065.0,2271.927284414507,0.6116052710008208,1
36081085900,Queens,Census Tract 859,5718,0.1462155512622486,39106.64734795778,0,5718.0,1511.3194925028445,0.5875424920645851,1
36081005100,Queens,Census Tract 51,2262,0.1371214783949972,16496.321557181578,0,2262.0,853.1447067089204,-0.020410964200825988,0
36081124700,Queens,Census Tract 1247,3676,0.4834508110492616,7603.669113765188,0,3676.0,2317.422729541029,0.4430702490573408,1
36081015300,Queens,Census Tract 153,1834,0.12162788886621231,15078.778535878024,0,1834.0,1252.5842325410058,0.1112760145775113,0
36081015100,Queens,Census Tract 151,2706,0.13344081419099404,20278.65324717592,1,1353.0,335.49387725152974,-0.5486560668684319,0
36081011400,Queens,Census Tract 114,2368,0.11915549323927942,19873.192041971193,0,2368.0,1066.3492990999955,0.1285404674044955,0
36081042600,Queens,Census Tract 426,474,0.5217058417788094,908.557968957849,2,158.0,775.3516959329294,-1.0732954456911288,0
36081038400,Queens,Census Tract 384,2700,0.29751776036938476,9075.088480929006,0,2700.0,1995.5643626689714,0.3359277354720857,0
36081061601,Queens,Census Tract 616.01,2446,0.38020198376412684,6433.422508172582,0,2446.0,1346.1771579993158,0.0668642675780566,0
36081005500,Queens,Census Tract 55,1375,0.1659643103556369,8284.913768831255,0,1375.0,2137.680610063644,0.21871102597214231,0
36081028300,Queens,Census Tract 283,7443,0.17771340680284656,41882.0399310514,1,3721.5,357.8580366190876,-0.19521793506580423,0
36081054900,Queens,Census Tract 549,5734,0.1642790890153482,34904.016295490204,0,5734.0,1295.6468532554509,0.49405727366005264,1
36081024700,Queens,Census Tract 247,1416,0.09761879098776609,14505.403986999367,0,1416.0,1164.887591364069,0.01711857950846209,0
36081016100,Queens,Census Tract 161,2253,0.1076865247681788,20921.83775871796,0,2253.0,1684.521135256004,0.3514125148715983,0
36081017800,Queens,Census Tract 178,2146,0.18870150861315885,11372.458099417398,0,2146.0,849.1492195645585,-0.0935901649543462,0
36081004002,Queens,Census Tract 40.02,1654,0.13091438158560903,12634.211611948816,0,1654.0,911.1628289098458,-0.09452396595446684,0
36081052500,Queens,Census Tract 525,2301,0.20210374471928874,11385.241788547588,0,2301.0,1313.8500318464905,0.13503252287319562,0
36081045700,Queens,Census Tract 457,3499,0.15051552169551083,23246.77189823911,0,3499.0,536.2975921249935,-0.10461315142080045,0
36081062500,Queens,Census Tract 625,2545,0.19877762082008463,12803.252144281885,0,2545.0,1931.8417139837618,0.3637856564910878,0
36081012800,Queens,Census Tract 128,2411,0.15924970163878688,15139.745790348008,0,2411.0,1312.425428285394,0.19009222001000894,0
36081000200,Queens,Census Tract 2,2344,0.15659418234413547,14968.627601048194,0,2344.0,1379.8878442882963,0.20718134126086887,0
36081005900,Queens,Census Tract 59,4123,0.19020529325313318,21676.578656057372,0,4123.0,1528.3119811824672,0.4313992970815659,1
36081014300,Queens,Census Tract 143,3868,0.13650423995330238,28336.11616256923,0,3868.0,1924.4317253838478,0.5751218332588717,1
36081056000,Queens,Census Tract 560,1668,0.21344026148564574,7814.833004747683,0,1668.0,2132.209602145856,0.24699378723015805,0
36081058300,Queens,Census Tract 583,3656,0.14311290596767892,25546.263457368987,0,3656.0,1812.7004706375737,0.5175617293676612,1
36081072100,Queens,Census Tract 721,5358,0.17032663856644445,31457.205080166266,1,2679.0,565.5876408559675,-0.0834632021973306,0
36081007300,Queens,Census Tract 73,3594,0.14155829106254406,25388.834331237296,0,3594.0,1029.9014766855844,0.23540005367792394,0
36081004401,Queens,Census Tract 44.01,3595,0.2625561693894826,13692.30823392721,0,3595.0,1706.684083643437,0.38354061328468686,0
36081033401,Queens,Census Tract 334.01,4000,0.5606518195966689,7134.552783361315,0,4000.0,1911.3048693336182,0.3551525219991882,0
36081061200,Queens,Census Tract 612,1994,0.2624945314456014,7596.348727795233,0,1994.0,1604.4475964534597,0.13873225869098016,0
36081028500,Queens,Census Tract 285,5266,0.158102113741986,33307.58757971968,0,5266.0,729.7679543754225,0.1873884788833766,0
36081133900,Queens,Census Tract 1339,1376,0.2262106634522185,6082.825535280951,0,1376.0,2261.0462784893125,0.1963858948369159,0
36081023800,Queens,Census Tract 238,4691,0.156686500056515,29938.76306068494,0,4691.0,1706.8587335165685,0.5640548691064766,1
36081074100,Queens,Census Tract 741,3098,0.17198275002854732,18013.434483898905,1,1549.0,780.5895682868147,-0.12625676299670338,0
36081118900,Queens,Census Tract 1189,1865,0.20234813941512683,9216.788478464157,0,1865.0,2752.5119327357515,0.4217330433612567,1
36081013000,Queens,Census Tract 130,1862,0.18768998894556002,9920.614362335959,0,1862.0,1457.63711310394,0.12099506768170186,0
36081099701,Queens,Census Tract 997.01,2610,0.9750533902431189,2676.7764987199575,2,870.0,551.8636279005055,-0.7216615394463669,0
36081011900,Queens,Census Tract 119,1648,0.11147303555690434,14783.84428814388,1,824.0,365.8905234759182,-0.6574288747116652,0
36081035100,Queens,Census Tract 351,3649,0.13923985571193134,26206.576998681277,0,3649.0,748.4170938381197,0.08684384711819255,0
36081050400,Queens,Census Tract 504,1715,0.21630122770263013,7928.7575859614335,0,1715.0,2478.1977932467876,0.328835360792098,0
36081043200,Queens,Census Tract 432,1290,0.23836787357108463,5411.803112030128,1,645.0,972.7059906895723,-0.389812684464444,0
36081055600,Queens,Census Tract 556,2233,0.22690120386138088,9841.287582432531,0,2233.0,2639.309264110558,0.4480810174364916,1
36081025900,Queens,Census Tract 259,3109,0.1871877567567419,16608.992243228127,0,3109.0,1754.5176050266598,0.399062600070438,0
36081091900,Queens,Census Tract 919,5180,0.7781438499928748,6656.86685057966,0,5180.0,2003.0097386113744,0.419172102812775,0
36081036300,Queens,Census Tract 363,2173,0.13489088214950173,16109.317141181042,1,1086.5,835.2983871250656,-0.1826918800793426,0
36081037700,Queens,Census Tract 377,4061,0.14681661758704725,27660.3566186385,0,4061.0,715.4154415810085,0.09505843737057014,0
36081068300,Queens,Census Tract 683,3932,0.24438880582450143,16089.11663009482,1,1966.0,504.6286528514943,-0.3105110593188271,0
36061025700,Manhattan,Census Tract 257,4601,0.14406129017069833,31937.795326893658,0,4601.0,756.4191109302036,0.1709255372347377,0
36061024200,Manhattan,Census Tract 242,5603,0.4832682057429608,11593.976043563905,2,1867.6666666666667,643.0110925536956,-0.25502518588073647,0
36061008603,Manhattan,Census Tract 86.03,5188,0.27082745978061873,19156.10774550886,1,2594.0,647.4864982213097,-0.10394839938877327,0
36047000502,Brooklyn,Census Tract 5.02,2787,0.09679905982657803,28791.60195350137,2,929.0,172.70794477145802,-0.892803252763509,0
36047035602,Brooklyn,Census Tract 356.02,6721,0.1707700343507287,39357.02200654456,1,3360.5,295.0255901782586,-0.32051769154546417,0
36047037401,Brooklyn,Census Tract 374.01,4646,0.2255218518186017,20601.107886152895,0,4646.0,1461.1768576620912,0.4252126151968348,1
36047037402,Brooklyn,Census Tract 374.02,5449,0.30150233647864816,18072.828435231342,0,5449.0,1372.719523405826,0.4055324081532179,0
36047050803,Brooklyn,Census Tract 508.03,2608,0.0560840532687671,46501.63188994011,0,2608.0,976.7539214048785,0.24263585728252376,0
36047050804,Brooklyn,Census Tract 508.04,6765,0.10310271534617015,65614.17880495514,0,6765.0,681.4394193339098,0.31417610352734926,0
36047051002,Brooklyn,Census Tract 510.02,4028,0.10706631822017386,37621.542114829426,0,4028.0,1300.2857232259123,0.4366230804894637,1
36047065200,Brooklyn,Census Tract 652,1180,0.17471195812276144,6753.973870356787,0,1180.0,2024.3625738674104,0.12798526422246506,0
36047068800,Brooklyn,Census Tract 688,1628,0.15691317091899312,10375.164751724122,0,1628.0,1128.0995035283386,-0.02474937424460329,0
36047069200,Brooklyn,Census Tract 692,2288,0.18221593221059576,12556.53099178862,0,2288.0,1624.6537365140423,0.2540537105322716,0
36047069800,Brooklyn,Census Tract 698,1452,0.6209725086277207,2338.267765200679,0,1452.0,1303.8520815976722,-0.21803261662746007,0
36047065800,Brooklyn,Census Tract 658,1792,0.15336418224883114,11684.605712515757,0,1792.0,1493.1694815895817,0.15159536465260312,0
36047066000,Brooklyn,Census Tract 660,1912,0.15231538786487367,12552.90110081476,0,1912.0,1963.8461344121129,0.3109070699382335,0
36047066200,Brooklyn,Census Tract 662,1144,0.2314633958381615,4942.466154777584,0,1144.0,2590.793585140839,0.19238044040628574,0
36047066600,Brooklyn,Census Tract 666,0,9.85684225126604,0.0,5,0.0,2479.0249949577974,-2.630059570915623,0
36047067200,Brooklyn,Census Tract 672,1559,0.17423603381617675,8947.632506630534,0,1559.0,1548.2010567327259,0.09802452926133282,0
36047067400,Brooklyn,Census Tract 674,1910,0.18920904786178955,10094.65467737667,0,1910.0,817.1764144461152,-0.15526479650700448,0
36047067600,Brooklyn,Census Tract 676,1795,0.15537522396365697,11552.678440031465,0,1795.0,2530.3332511037443,0.4092380502470255,0
36047068000,Brooklyn,Census Tract 680,1907,0.16885981608925893,11293.391430628848,0,1907.0,2303.433190160234,0.3716194679560814,0
36047068200,Brooklyn,Census Tract 682,2844,0.2022283130129797,14063.312686673416,0,2844.0,2297.449964502053,0.48658549416694336,1
36047070000,Brooklyn,Census Tract 700,1402,0.20189432287685716,6944.226960037563,0,1402.0,1790.9269515142028,0.10708949172046962,0
36047070201,Brooklyn,Census Tract 702.01,6804,1.2520405578729725,5434.3287501476525,1,3402.0,1468.2015814961494,0.14878568066797138,0
36047070202,Brooklyn,Census Tract 702.02,13,6.897738868452194,1.8846755796247057,0,13.0,5097.434601844967,-1.5710050752347897,0
36047070203,Brooklyn,Census Tract 702.03,0,22.233681383019697,0.0,0,0.0,10469.886683624383,-1.922035645096462,0
36047072000,Brooklyn,Census Tract 720,1938,0.15822717345792037,12248.21222326518,0,1938.0,1382.6271040793745,0.13725815800633057,0
36047072200,Brooklyn,Census Tract 722,2187,0.25717293327277574,8504.005348340113,2,729.0,285.7070822720123,-0.8929353754303494,0
36047072400,Brooklyn,Census Tract 724,1694,0.19219259593500815,8814.075234057627,0,1694.0,1016.5430076931693,-0.0942735548424295,0
36047072600,Brooklyn,Census Tract 726,2647,0.27516690793578075,9619.616035434627,0,2647.0,2370.80543790981,0.4260216763287594,1
36047073200,Brooklyn,Census Tract 732,1927,0.15992921965660953,12049.080237729786,0,1927.0,2939.5462349453906,0.5040424859790216,1
36047022000,Brooklyn,Census Tract 220,5525,0.19427934720256898,28438.43197722533,0,5525.0,1471.762865904214,0.5159802451307655,1
36047022400,Brooklyn,Census Tract 224,5335,0.17556324660539738,30387.909218785117,1,2667.5,692.3160930307466,0.009291955218196821,0
36047022600,Brooklyn,Census Tract 226,2572,0.15618009698285087,16468.167517416863,0,2572.0,1344.967683968198,0.22880089504764745,0
36047022700,Brooklyn,Census Tract 227,4425,0.2406911082933941,18384.559493598237,3,1106.25,322.1855400347927,-0.6250221622297467,0
36047022800,Brooklyn,Census Tract 228,3683,0.16737356168471146,22004.670050206736,0,3683.0,2076.29865939759,0.56158125537439,1
36047023000,Brooklyn,Census Tract 230,4887,0.15093944805184156,32377.221879872744,0,4887.0,1368.9835245917054,0.4766433720810741,1
36047023100,Brooklyn,Census Tract 231,3546,0.15941252868411532,22244.173837971004,0,3546.0,1392.432292351278,0.359394689313507,0
36047023300,Brooklyn,Census Tract 233,6804,0.1718370750575432,39595.646036930855,0,6804.0,1057.9785826531872,0.4495164436168991,1
36047023400,Brooklyn,Census Tract 234,5558,0.16978479526049667,32735.55792479825,0,5558.0,1854.7121106923023,0.653592321274541,1
36047023500,Brooklyn,Census Tract 235,5578,0.14157315511975535,39400.124940929825,1,2789.0,299.8739249176954,-0.3500037337181849,0
36047023600,Brooklyn,Census Tract 236,5846,0.16985099848339386,34418.40231849774,0,5846.0,2450.695652144163,0.8088251750250516,1
36047022100,Brooklyn,Census Tract 221,3706,0.15207884607065061,24368.938190643028,0,3706.0,1630.9354640733156,0.46075206759318305,1
36047024000,Brooklyn,Census Tract 240,6413,0.16975118842454,37778.82240188727,0,6413.0,2332.523781397433,0.8183302394197596,1
36047024200,Brooklyn,Census Tract 242,3026,0.19144952483135005,15805.732621512829,0,3026.0,1375.0747889609672,0.2658566443927616,0
36047024400,Brooklyn,Census Tract 244,3697,0.1552792978351066,23808.7114737336,1,1848.5,893.9793964281051,0.021208709089765392,0
36047024500,Brooklyn,Census Tract 245,4437,0.16684899650438637,26592.90791649055,0,4437.0,954.756934110122,0.24826199206108293,0
36047024600,Brooklyn,Census Tract 246,3489,0.1728810807593897,20181.502710848257,0,3489.0,1659.0126809018864,0.42641141795598836,1
36047024800,Brooklyn,Census Tract 248,2476,0.17602823145111218,14065.925559717121,0,2476.0,651.0831251970303,-0.16065943336537647,0
36047024900,Brooklyn,Census Tract 249,3992,0.16849461130243046,23692.152343286347,0,3992.0,1107.9341598236024,0.2812786846916557,0
36047025000,Brooklyn,Census Tract 250,1679,0.17350709115215673,9676.83792547478,0,1679.0,1785.8917610770648,0.19585238952183223,0
36047025100,Brooklyn,Census Tract 251,3687,0.13848724877855223,26623.389752624014,0,3687.0,1045.8172930768046,0.25578208200348007,0
36047025200,Brooklyn,Census Tract 252,4847,0.18127509888477683,26738.3663273072,0,4847.0,1407.438199761316,0.45759639474382424,1
36047025300,Brooklyn,Census Tract 253,3375,0.16182829248562866,20855.43849076774,2,1125.0,446.6459342222272,-0.4410623153904962,0
36047025600,Brooklyn,Census Tract 256,3114,0.17328007241071233,17970.906617693043,0,3114.0,2464.6373570402925,0.5791320350028681,1
36047025700,Brooklyn,Census Tract 257,3279,0.1811248231275262,18103.537347232217,1,1639.5,530.32091461518,-0.3037120067529022,0
36047025901,Brooklyn,Census Tract 259.01,2163,0.08021860195227912,26963.8207019207,1,1081.5,218.2725079419443,-0.7582420239709043,0
36047026000,Brooklyn,Census Tract 260,3076,0.16286495959151542,18886.812778604875,0,3076.0,2392.471624259865,0.5701014454420192,1
36047035000,Brooklyn,Census Tract 350,3082,0.19857311128369953,15520.731785265607,1,1541.0,545.2567964582826,-0.327526903615752,0
36047035200,Brooklyn,Census Tract 352,1431,2.3915631275244316,598.3534298261509,9,143.1,609.6768251925708,-1.2787341761655078,0
36047035400,Brooklyn,Census Tract 354,5366,0.3780793363806944,14192.788347990763,0,5366.0,1317.653799603484,0.34317702918421017,0
36047035500,Brooklyn,Census Tract 355,5515,0.1384056117056488,39846.65023358236,0,5515.0,1490.9395747951066,0.5766075757685839,1
36047035900,Brooklyn,Census Tract 359,6665,0.18357487554884366,36306.71125377747,0,6665.0,1806.9758097417857,0.6942434198273705,1
36047073400,Brooklyn,Census Tract 734,1479,0.151105693150575,9787.85093508154,0,1479.0,2724.5545726925393,0.3796293605984193,0
36047075600,Brooklyn,Census Tract 756,1949,0.17354774057156236,11230.33923450205,0,1949.0,1215.6727401602718,0.061138361524213876,0
36047073600,Brooklyn,Census Tract 736,2807,0.17801651376047736,15768.200043378227,0,2807.0,1401.474513313256,0.25963989257007575,0
36047074000,Brooklyn,Census Tract 740,3816,0.1623876942141901,23499.31759586831,0,3816.0,2805.9309621389184,0.7273652986796805,1
36047074400,Brooklyn,Census Tract 744,3068,0.17007411161610642,18039.194624312553,0,3068.0,1795.4599596257076,0.4210934061123625,0
36047074600,Brooklyn,Census Tract 746,2149,0.2020389193427691,10636.564514355347,1,1074.5,1589.6903621801748,0.06388272841227881,0
36047074800,Brooklyn,Census Tract 748,1595,0.17654837126604062,9034.35125774395,0,1595.0,2730.6882586856036,0.3830053878301021,0
36047075800,Brooklyn,Census Tract 758,1460,0.20526014870608042,7112.9247893639,0,1460.0,2106.0409096224435,0.19879219677098645,0
36047076000,Brooklyn,Census Tract 760,3092,0.18158186369294074,17028.132309670782,0,3092.0,964.0725216879143,0.10787746033256192,0
36047076200,Brooklyn,Census Tract 762,4114,0.18804210968549384,21878.0783032098,0,4114.0,1065.301869379402,0.2551856779186069,0
36047076600,Brooklyn,Census Tract 766,2114,0.08257831984107523,25599.939597565855,0,2114.0,2720.1715610583265,0.6066943769824077,1
36047077000,Brooklyn,Census Tract 770,2726,0.16328059519430288,16695.186569819132,0,2726.0,1724.787333623453,0.36495268664158287,0
36047095800,Brooklyn,Census Tract 958,2987,0.23437501101320507,12744.532734471883,0,2987.0,1641.3172496777163,0.31531513309921216,0
36047096000,Brooklyn,Census Tract 960,0,0.4238858682756756,0.0,0,0.0,1225.628514605526,-2.9761249226817212,0
36047096200,Brooklyn,Census Tract 962,1529,0.17909876070003677,8537.189168834298,0,1529.0,1813.9027893158175,0.16430801065069145,0
36047096400,Brooklyn,Census Tract 964,2476,0.17658273551848747,14021.755823013475,0,2476.0,2150.9552273856057,0.4257468273610033,1
36047096800,Brooklyn,Census Tract 968,1396,0.14901986701646092,9367.878444327132,0,1396.0,1396.317252382079,0.03243866107219146,0
36047097000,Brooklyn,Census Tract 970,2301,0.16345036067249538,14077.668538220612,0,2301.0,1980.5534188509725,0.37103555378783987,0
36047097400,Brooklyn,Census Tract 974,2516,0.2523503660182721,9970.264912624783,1,1258.0,102.18263672749715,-1.2594206503505574,0
36047098400,Brooklyn,Census Tract 984,1989,0.11281998508919898,17629.855193008887,0,1989.0,836.7990673403878,-0.04511872664773143,0
36047098600,Brooklyn,Census Tract 986,2486,0.1559697125277733,15938.991998573578,1,1243.0,309.81920524123456,-0.6437931075326083,0
36047099000,Brooklyn,Census Tract 990,1484,0.1637219849953584,9064.146150207453,0,1484.0,1071.0687013971967,-0.09080605452927815,0
36047099400,Brooklyn,Census Tract 994,1860,0.17396985438994708,10691.507482847446,0,1860.0,2166.186901981292,0.3275249690727078,0
36047099800,Brooklyn,Census Tract 998,3834,0.489701945829408,7829.25212499688,5,639.0,1170.5942439959156,-0.2409441750940476,0
36047100400,Brooklyn,Census Tract 1004,2797,0.1320547158388478,21180.61427971495,0,2797.0,1204.777447637473,0.23243245650898547,0
36047100800,Brooklyn,Census Tract 1008,2202,0.1488982218990001,14788.625222762228,0,2202.0,1966.5753929842513,0.3666544043395687,0
36047101000,Brooklyn,Census Tract 1010,2860,0.17134334980661903,16691.631179312437,0,2860.0,1688.1097226664763,0.3640500149034828,0
36047101200,Brooklyn,Census Tract 1012,2176,0.1607596144304719,13535.737863697814,0,2176.0,1774.8345829725583,0.29951596433855404,0
36047101400,Brooklyn,Census Tract 1014,2057,0.15495296093827496,13274.996408874043,0,2057.0,1291.8300109974787,0.12896560504730228,0
36047101600,Brooklyn,Census Tract 1016,1768,0.11241766169292387,15727.066133339498,0,1768.0,1506.5604642816213,0.2013812675024833,0
36085027706,Staten Island,Census Tract 277.06,3260,0.438639644219859,7432.0687675143035,0,3260.0,4907.553140067106,0.7838390326970742,1
36085018100,Staten Island,Census Tract 181,3692,5.229839698528628,705.9489798585439,2,1230.6666666666667,2357.1530476505814,-0.15434745780393566,0
36047026200,Brooklyn,Census Tract 262,2626,0.15785881827610068,16635.11756059793,0,2626.0,2651.593599818991,0.5681246112748073,1
36047026300,Brooklyn,Census Tract 263,2270,0.1196042377190705,18979.260628973985,1,1135.0,404.1975523729763,-0.5035188564306852,0
36047026400,Brooklyn,Census Tract 264,4732,0.18945806769494927,24976.503020283624,0,4732.0,2273.5064261778,0.6773060026274865,1
36047026600,Brooklyn,Census Tract 266,3408,0.16589766107689355,20542.785099425797,0,3408.0,1913.9867330053448,0.4947792057099001,1
36047026700,Brooklyn,Census Tract 267,3950,0.15956216688797484,24755.24165307438,0,3950.0,702.0943850246682,0.06226111003715438,0
36047027000,Brooklyn,Census Tract 270,2496,0.1340050146848049,18626.168624143484,0,2496.0,1039.3126955098865,0.11606351199102423,0
36047027200,Brooklyn,Census Tract 272,3993,0.1321482731736916,30216.058856491636,0,3993.0,1732.4383099596052,0.5403145766350659,1
36047027400,Brooklyn,Census Tract 274,3159,0.16336434489924254,19337.144846070063,0,3159.0,1500.0270396095761,0.34993126113760376,0
36047027500,Brooklyn,Census Tract 275,5303,0.16207647126512334,32719.12300783867,0,5303.0,989.1546799212964,0.33523755935099736,0
36047027600,Brooklyn,Census Tract 276,3791,0.14939612955678847,25375.490056179566,0,3791.0,730.3433684697306,0.07733453692815097,0
36047027700,Brooklyn,Census Tract 277,4294,0.16210637075248086,26488.780052675906,1,2147.0,196.0160032138245,-0.6752839576411088,0
36047027800,Brooklyn,Census Tract 278,3086,0.1604732322429944,19230.621561402008,1,1543.0,732.8893829102841,-0.14740458031891956,0
36047028100,Brooklyn,Census Tract 281,5094,0.16193758775240155,31456.5634248461,0,5094.0,1145.1306486787337,0.39265096247208997,0
36047028400,Brooklyn,Census Tract 284,3686,0.1642571552800644,22440.42272444836,0,3686.0,1221.948694092524,0.3044860931262911,0
36047028502,Brooklyn,Census Tract 285.02,3303,0.11985866404153207,27557.457163509527,1,1651.5,541.4804422741604,-0.2239661831755391,0
36047028600,Brooklyn,Census Tract 286,5171,0.2348026932203784,22022.745689491145,0,5171.0,828.0209007620642,0.17871202584245696,0
36047028700,Brooklyn,Census Tract 287,3353,0.14880901066188312,22532.237699090212,0,3353.0,1056.2752611585709,0.2144647068385465,0
36047028800,Brooklyn,Census Tract 288,3799,0.1528084902797322,24861.18404183908,0,3799.0,1774.0139797619058,0.5103098163059923,1
36047029000,Brooklyn,Census Tract 290,3301,0.15471160150017138,21336.47359339334,0,3301.0,2227.5523132188637,0.5690186464534382,1
36047029100,Brooklyn,Census Tract 291,3368,0.16464337219415628,20456.335138885966,1,1684.0,527.8043988540738,-0.2808477053811386,0
36047029200,Brooklyn,Census Tract 292,2668,0.29724576479832654,8975.737641914488,2,889.3333333333334,512.8345981317036,-0.5572741389308362,0
36047029300,Brooklyn,Census Tract 293,3284,0.16445971137382204,19968.4164137645,0,3284.0,1514.8351743182652,0.3677982309596624,0
36047029700,Brooklyn,Census Tract 297,4099,0.20556126016747428,19940.527688244732,2,1366.3333333333333,540.2222011544808,-0.31578082643481603,0
36047029800,Brooklyn,Census Tract 298,3997,0.22082875560530552,18099.997842418536,0,3997.0,1835.8434527543777,0.4859940162943299,1
36047029900,Brooklyn,Census Tract 299,2483,0.14221763125238732,17459.15733607973,0,2483.0,866.4520090769697,0.015202364610223451,0
36047030000,Brooklyn,Census Tract 300,4222,0.1950526842833268,21645.43397858226,0,4222.0,1716.2992226111614,0.4929494046151645,1
36047037000,Brooklyn,Census Tract 370,4112,0.33623394506747417,12229.580208431422,0,4112.0,1964.4342587348951,0.461484626149915,1
36047037100,Brooklyn,Census Tract 371,4723,0.1893453410253528,24943.840574179238,1,2361.5,582.2374942514981,-0.132280713178783,0
36047037300,Brooklyn,Census Tract 373,5258,0.17080741423870938,30783.207060624194,1,2629.0,317.4918789993692,-0.3739381485021242,0
36047036001,Brooklyn,Census Tract 360.01,2972,0.09481336670493846,31345.791245330813,1,1486.0,358.3574932521297,-0.42686925257691444,0
36047037500,Brooklyn,Census Tract 375,3643,0.15880781908574607,22939.676528351625,0,3643.0,1109.727427200316,0.2583664672070912,0
36047037700,Brooklyn,Census Tract 377,4893,0.19020176514383233,25725.313307686014,1,2446.5,483.5531191643656,-0.2112637996487677,0
36047037900,Brooklyn,Census Tract 379,4834,0.18375976211808648,26306.085425239107,1,2417.0,315.11950353209016,-0.4200508659234219,0
36047036200,Brooklyn,Census Tract 362,3343,0.17111081971332764,19537.046258095957,0,3343.0,1061.011855676243,0.19295581763904338,0
36047036400,Brooklyn,Census Tract 364,2298,0.1432514517621592,16041.722242475951,0,2298.0,879.2860268061354,-0.006929369948613114,0
36047036501,Brooklyn,Census Tract 365.01,3467,0.12634501963786793,27440.733397621607,1,1733.5,215.47414916199273,-0.6664655038949349,0
36047036502,Brooklyn,Census Tract 365.02,2014,0.12205410340480832,16500.87906770579,0,2014.0,1199.276675348974,0.12341830415355837,0
36047036600,Brooklyn,Census Tract 366,4369,0.2341456800070346,18659.323545361756,1,2184.5,213.00539090638284,-0.687877711536219,0
36047036900,Brooklyn,Census Tract 369,5310,0.22673301311988217,23419.61555105522,0,5310.0,1407.5650540282566,0.4546037375559944,1
36047038200,Brooklyn,Census Tract 382,5261,0.23343079000147565,22537.729491326925,1,2630.5,121.5932722689071,-0.8936377419555449,0
36047038600,Brooklyn,Census Tract 386,3102,0.2511872898350362,12349.350964522115,1,1551.0,1125.892820485042,-0.007281483403442891,0
36047038700,Brooklyn,Census Tract 387,4830,0.18827474477505593,25653.99839352174,0,4830.0,1143.1796972943746,0.34803577327884333,0
36047038800,Brooklyn,Census Tract 388,4999,0.1979334496710755,25255.963599418414,0,4999.0,1118.7239369871218,0.3418291879847744,0
36047038900,Brooklyn,Census Tract 389,2829,0.1629279204443266,17363.506465220522,0,2829.0,1038.9095844149233,0.1297957097636797,0
36047039000,Brooklyn,Census Tract 390,2672,0.17385011575271603,15369.561236304531,0,2672.0,1347.6690564677056,0.2263075457289024,0
36047039100,Brooklyn,Census Tract 391,5243,0.16617274753323982,31551.503347149228,0,5243.0,848.1534788348221,0.25153740306278966,0
36047039300,Brooklyn,Census Tract 393,3868,0.1896004389932586,20400.79664656014,1,1934.0,532.4950337873996,-0.24899648174394048,0
36047077200,Brooklyn,Census Tract 772,3243,0.40433317490417503,8020.613200409724,0,3243.0,2153.78240636782,0.3904211545895415,0
36047077400,Brooklyn,Census Tract 774,3106,0.1477647258904302,21019.90161239934,0,3106.0,1662.0029774853433,0.4104030806381114,0
36047077600,Brooklyn,Census Tract 776,3438,0.18654302340369644,18430.06475004883,0,3438.0,2518.267454402771,0.6137880539836695,1
36047078200,Brooklyn,Census Tract 782,4196,0.16830463424675682,24930.983147190767,1,2098.0,931.1155276082508,0.07422169333746413,0
36047058400,Brooklyn,Census Tract 584,3546,0.18822516803245457,18839.138448204674,1,1773.0,684.6729228945974,-0.15608663792767064,0
36047007700,Brooklyn,Census Tract 77,6132,0.38941998275024203,15746.495484626459,0,6132.0,1407.4275251970898,0.4193341524385046,0
36047046201,Brooklyn,Census Tract 462.01,2575,0.12831576034117437,20067.682981057205,0,2575.0,1441.8314625697374,0.29521643765523997,0
36047036700,Brooklyn,Census Tract 367,1982,0.18296622726551856,10832.60025427394,0,1982.0,2099.6064486567593,0.32713833783862506,0
36047003000,Brooklyn,Census Tract 30,1818,0.11018810034908895,16499.05928353752,0,1818.0,853.0081365145335,-0.06458891966002454,0
36047030400,Brooklyn,Census Tract 304,3924,0.8282484536040134,4737.708815422756,2,1308.0,859.2907093276658,-0.32954824747054834,0
36047030600,Brooklyn,Census Tract 306,1953,0.19367975431584436,10083.655913850109,0,1953.0,891.1058883107152,-0.1084213856015407,0
36047030700,Brooklyn,Census Tract 307,6571,0.266956382312315,24614.507969742113,1,3285.5,869.9200334631987,0.12935819226194598,0
36047030100,Brooklyn,Census Tract 301,3182,0.19443308867166986,16365.5271936419,0,3182.0,1570.3228967031914,0.34686977904079136,0
36047030800,Brooklyn,Census Tract 308,1678,0.6815833053606529,2461.9147605326148,0,1678.0,1806.6207701175908,-0.0202674393139942,0
36047031100,Brooklyn,Census Tract 311,3389,0.1526824472966213,22196.39559101431,0,3389.0,1198.0344891747368,0.27603952549989524,0
36047031500,Brooklyn,Census Tract 315,5136,0.18018964150348146,28503.303281730357,1,2568.0,673.7618998240439,-0.02209031798281631,0
36047031701,Brooklyn,Census Tract 317.01,4150,0.1397408536023077,29697.829181798174,0,4150.0,699.8559447231969,0.10015571376275902,0
36047030200,Brooklyn,Census Tract 302,3899,0.21119756233365206,18461.38732340253,0,3899.0,1234.478819995742,0.2892300070266152,0
36047031900,Brooklyn,Census Tract 319,3356,0.15134573055367528,22174.39492823871,0,3356.0,1244.7949689732202,0.2927086362445614,0
36047032300,Brooklyn,Census Tract 323,3505,0.1730451769066086,20254.82629828872,0,3505.0,1089.613290234983,0.2214215044641453,0
36047032700,Brooklyn,Census Tract 327,2701,0.1770780932509214,15253.15723934669,0,2701.0,1174.776770828708,0.15981814936365676,0
36047032800,Brooklyn,Census Tract 328,2751,0.23283743523739772,11815.110388907693,0,2751.0,1008.9076549425373,0.04740156120790481,0
36047033000,Brooklyn,Census Tract 330,4283,0.49121184816948993,8719.252224800111,1,2141.5,954.4669121876431,-0.07963197769364751,0
36047033100,Brooklyn,Census Tract 331,4171,0.14246463020288658,29277.442366291198,0,4171.0,667.523078334578,0.07564844947897198,0
36047033500,Brooklyn,Census Tract 335,3522,0.1806812232856,19492.89436917764,0,3522.0,1871.7664146524214,0.48196895003429946,1
36047033600,Brooklyn,Census Tract 336,4734,1.7739746959368188,2668.5837237943356,0,4734.0,3271.4231577319492,0.4940118057689899,1
36047033900,Brooklyn,Census Tract 339,4936,0.18073763204488072,27310.305796051893,0,4936.0,1077.9498079984478,0.33369969122188864,0
36047034100,Brooklyn,Census Tract 341,2666,0.1397697015919908,19074.234040954474,1,1333.0,239.95992572879106,-0.7257399436562784,0
36047034200,Brooklyn,Census Tract 342,6490,0.22996059142706177,28222.226946474344,1,3245.0,910.0884418538894,0.17117165162211379,0
36047034300,Brooklyn,Census Tract 343,4489,0.16215453191994394,27683.469261384747,0,4489.0,986.8483256256312,0.2733598084041169,0
36047034500,Brooklyn,Census Tract 345,2669,0.16359196299476766,16314.982418087162,1,1334.5,490.66426054380184,-0.4002504799519569,0
36047040300,Brooklyn,Census Tract 403,4086,0.210273165247881,19431.866140328508,0,4086.0,992.111575422191,0.19964603578405207,0
36047040500,Brooklyn,Census Tract 405,1403,0.13899766189123128,10093.694965156164,1,701.5,632.528393397877,-0.4831986174540795,0
36047041100,Brooklyn,Census Tract 411,3001,0.1348800731931451,22249.394806471068,0,3001.0,1124.2914449895188,0.220665492640192,0
36047041200,Brooklyn,Census Tract 412,3164,0.16532257889346352,19138.34166619752,0,3164.0,1224.09899778628,0.2487251423404835,0
36047039500,Brooklyn,Census Tract 395,3845,0.15971905663805117,24073.520598818603,0,3845.0,1220.2702716725446,0.32371958789243266,0
36047041300,Brooklyn,Census Tract 413,3620,0.16216413759916348,22323.06139689096,1,1810.0,669.7810585248926,-0.13522584119191847,0
36047039600,Brooklyn,Census Tract 396,1987,0.1633035645002024,12167.523752964606,0,1987.0,1551.3064866255,0.1977769422963719,0
36047039700,Brooklyn,Census Tract 397,3316,0.15917416635373677,20832.52625699807,0,3316.0,1417.2430999726353,0.34390567857679216,0
36047039800,Brooklyn,Census Tract 398,2855,0.20290166569206447,14070.855408022704,0,2855.0,2058.2065090789415,0.4334213916671558,1
36047039900,Brooklyn,Census Tract 399,4164,0.15124274477305677,27531.899174721922,0,4164.0,1795.9061088468618,0.5513930414198001,1
36047040000,Brooklyn,Census Tract 400,2192,0.19200083483398128,11416.617026146641,0,2192.0,1638.5672724350595,0.23417219260797043,0
36047040200,Brooklyn,Census Tract 402,2570,0.19750953354918677,13012.030122383841,0,2570.0,1749.8811009628646,0.31977706738089,0
36047041401,Brooklyn,Census Tract 414.01,1182,0.13512341344082227,8747.558767952978,1,591.0,372.7025656130505,-0.8004310533746996,0
36047041500,Brooklyn,Census Tract 415,4291,0.16269148772235656,26375.073828834033,0,4291.0,1463.9591175617247,0.45011079367156864,1
36047041600,Brooklyn,Census Tract 416,2105,0.16256218261276856,12948.891102269572,0,2105.0,1698.6716311865516,0.26408970823935324,0
36047041800,Brooklyn,Census Tract 418,2790,0.1643188414906563,16979.184947324793,0,2790.0,2108.867354664671,0.47114867742278826,1
36047041900,Brooklyn,Census Tract 419,3417,0.1530122425584333,22331.54643619509,0,3417.0,679.5977890074598,0.0003080395805884299,0
36047042100,Brooklyn,Census Tract 421,4089,0.1533663759119127,26661.6458509038,0,4089.0,1451.7810175588904,0.438017855910444,1
36047042300,Brooklyn,Census Tract 423,4331,0.18222747786177415,23766.997440886567,1,2165.5,583.0405147980042,-0.1569304778090622,0
36047042500,Brooklyn,Census Tract 425,2913,0.1678451621333289,17355.28127814634,1,1456.5,745.9244167789843,-0.16701789428974548,0
36047042600,Brooklyn,Census Tract 426,4410,0.17000712743423368,25940.088904248936,0,4410.0,1682.4120505246174,0.5212687229010241,1
36047042700,Brooklyn,Census Tract 427,4215,0.1482639804334022,28429.022259343095,0,4215.0,919.1949165474132,0.23006891558050335,0
36047042800,Brooklyn,Census Tract 428,3852,0.16470209710663625,23387.6803493645,0,3852.0,533.9142491253918,-0.08640593357110647,0
36047042900,Brooklyn,Census Tract 429,5074,0.1681338507604586,30178.33694434895,1,2537.0,462.8212954207933,-0.19956409030938219,0
36047043000,Brooklyn,Census Tract 430,3668,0.16003146617583713,22920.49237347939,1,1834.0,732.7996146084405,-0.08414834847921863,0
36047043100,Brooklyn,Census Tract 431,4023,0.16820677379627688,23916.99162408551,0,4023.0,1689.200876190141,0.4915425340460409,1
36047039200,Brooklyn,Census Tract 392,3441,0.17460235769463783,19707.637659841723,0,3441.0,712.1952478528528,0.004473588108269755,0
36047041402,Brooklyn,Census Tract 414.02,2111,0.1543954725627969,13672.680713752134,0,2111.0,1270.2927477460394,0.13072140270009178,0
36047021200,Brooklyn,Census Tract 212,3448,0.190833351488548,18068.120551804677,0,3448.0,1665.4695176565097,0.40801523649580146,0
36047019400,Brooklyn,Census Tract 194,3371,0.17842008501619694,18893.612788571318,0,3371.0,3220.4202726843514,0.7346911667149443,1
36047117602,Brooklyn,Census Tract 1176.02,3076,0.1437994868125304,21390.896923089458,0,3076.0,2490.694543368993,0.6100373196892764,1
36047041700,Brooklyn,Census Tract 417,3390,0.14114188695205362,24018.38372156378,1,1695.0,522.7139515299947,-0.25828692984915014,0
36047089800,Brooklyn,Census Tract 898,2260,0.15435724323224692,14641.360215274051,1,1130.0,363.2125976419246,-0.5988605171698478,0
36047072800,Brooklyn,Census Tract 728,3594,0.21204834394815847,16948.965189177146,0,3594.0,1450.9584376161731,0.3382993913951433,0
36047036002,Brooklyn,Census Tract 360.02,3777,0.08603276808870917,43901.87696977855,0,3777.0,657.0664988689344,0.11347935107368258,0
36047098800,Brooklyn,Census Tract 988,2926,0.1619403228191414,18068.384384214318,0,2926.0,676.8900278728999,-0.06729499945992821,0
36047059600,Brooklyn,Census Tract 596,2235,0.17308460933150732,12912.7598844986,1,1117.5,467.2714225299059,-0.49791799875176146,0
36047058200,Brooklyn,Census Tract 582,2435,0.16153616022093867,15074.02427214789,1,1217.5,741.7662561509543,-0.22877324677585698,0
36047068600,Brooklyn,Census Tract 686,1724,0.14800610816036383,11648.167912989476,0,1724.0,1842.8593016593957,0.2466505568755828,0
36047025400,Brooklyn,Census Tract 254,2992,0.17549361086216209,17049.053725095473,0,2992.0,2206.62545444399,0.5081959645316992,1
36047032100,Brooklyn,Census Tract 321,5140,0.1600952606453386,32105.884829324947,0,5140.0,1384.5340193186005,0.4910243155755476,1
36047081600,Brooklyn,Census Tract 816,2988,0.1796397895528021,16633.28601886236,0,2988.0,1206.322520518512,0.2072579552397992,0
36047019500,Brooklyn,Census Tract 195,3782,0.13702606758221075,27600.58773292122,0,3782.0,936.5642552686306,0.2125761602788464,0
36047044800,Brooklyn,Census Tract 448,1787,0.22453233038657822,7958.764766407203,1,893.5,394.5168444806253,-0.7044548698563622,0
36047007400,Brooklyn,Census Tract 74,5360,0.14128734992764305,37936.87122552016,0,5360.0,1755.6249620006474,0.6431755262458821,1
36047004600,Brooklyn,Census Tract 46,1175,0.817237377263864,1437.7707538707252,1,587.5,2258.481384461195,-0.20947302978301274,0
36047043200,Brooklyn,Census Tract 432,4098,0.14881901465328698,27536.80374478603,0,4098.0,1839.9605071531596,0.5601010534422922,1
36047043300,Brooklyn,Census Tract 433,3621,0.16824340947177963,21522.38837389568,0,3621.0,1036.2470575535528,0.21316771737652493,0
36047043400,Brooklyn,Census Tract 434,4061,0.13965957076509147,29077.849643621164,0,4061.0,2034.5676327778792,0.616485692911555,1
36047043500,Brooklyn,Census Tract 435,4971,0.16815782712291222,29561.514233687907,2,1657.0,258.4592156249057,-0.5744833308673584,0
36047043900,Brooklyn,Census Tract 439,4045,0.20000394158268722,20224.601415306028,0,4045.0,802.3696978510408,0.09985878169903922,0
36047044000,Brooklyn,Census Tract 440,2646,0.20154248755827633,13128.74536806987,0,2646.0,1157.4149587884579,0.12405786611082252,0
36047044100,Brooklyn,Census Tract 441,4884,0.14201980180978685,34389.57059341168,0,4884.0,1517.4310769504264,0.5368584170677789,1
36047044200,Brooklyn,Census Tract 442,2379,0.18283191808226076,13011.951222486365,0,2379.0,1405.1636101211684,0.19640097495136963,0
36047044300,Brooklyn,Census Tract 443,4272,0.1677684221519439,25463.671561093604,0,4272.0,2030.894852008005,0.604331448034027,1
36047044400,Brooklyn,Census Tract 444,3084,0.1745441600634361,17668.881037779523,0,3084.0,1292.6896699592287,0.25739207659983226,0
36047044500,Brooklyn,Census Tract 445,3956,0.16973764430488797,23306.556516680008,0,3956.0,1410.847696559611,0.39550530255644817,0
36047044600,Brooklyn,Census Tract 446,2034,0.14174459024298625,14349.753994231505,1,1017.0,240.43409480809305,-0.8254909834826202,0
36047045000,Brooklyn,Census Tract 450,863,0.22036792596939733,3916.177892965447,0,863.0,1128.327700435893,-0.31056454923912197,0
36047045200,Brooklyn,Census Tract 452,2640,0.1863161408865794,14169.464800191998,0,2640.0,1198.139088746828,0.15293954722875794,0
36047045300,Brooklyn,Census Tract 453,1938,0.31952795325921346,6065.197051563809,0,1938.0,1895.8545437356997,0.17851455846493722,0
36047045400,Brooklyn,Census Tract 454,1951,0.1323117204499551,14745.48130252706,0,1951.0,1942.656394650819,0.33572897822578357,0
36047079400,Brooklyn,Census Tract 794,2385,0.22218111366921803,10734.485756295084,0,2385.0,1464.092851279318,0.18592685083483573,0
36047080400,Brooklyn,Census Tract 804,2893,0.1897561874134986,15245.87967029423,2,964.3333333333334,846.6142567574276,-0.20908342360731424,0
36047080600,Brooklyn,Census Tract 806,3647,0.1663093460149994,21929.014137732695,1,1823.5,897.7121987639384,0.007184232028163773,0
36047048200,Brooklyn,Census Tract 482,5455,0.19667742656494905,27735.770674214044,0,5455.0,1780.6341684045224,0.6029427786167929,1
36047007800,Brooklyn,Census Tract 78,5120,0.13811433043211788,37070.736859680466,1,2560.0,387.5945612377563,-0.25141214604894097,0
36047028501,Brooklyn,Census Tract 285.01,427,0.08321855533535788,5131.067203453078,0,427.0,848.8406259830722,-0.5484975963073809,0
36047026100,Brooklyn,Census Tract 261,5459,0.1994145551596366,27375.13315229135,0,5459.0,809.4035645652048,0.2137342575842253,0
36047067800,Brooklyn,Census Tract 678,2675,0.1662214438996811,16092.989792667371,0,2675.0,2403.3153471459104,0.5181840067191481,1
36047075400,Brooklyn,Census Tract 754,1284,0.17345718238904978,7402.403188586891,0,1284.0,2064.3650953781416,0.16949831076031105,0
36047018100,Brooklyn,Census Tract 181,3749,0.16937264191926452,22134.625506916575,1,1874.5,570.71313090468,-0.2080839901609263,0
36047080200,Brooklyn,Census Tract 802,4088,0.1852434316259111,22068.258853331386,1,2044.0,552.9419361888479,-0.20661200157517112,0
36047083800,Brooklyn,Census Tract 838,1802,0.16694213196582106,10794.159501742393,0,1802.0,1574.9861883296915,0.16608646037862035,0
36047055100,Brooklyn,Census Tract 551,6797,0.2315838740105069,29350.057421060425,2,2265.6666666666665,490.83566856958737,-0.19808727460723963,0
36047019300,Brooklyn,Census Tract 193,5974,0.26973042693575644,22148.038943425796,1,2987.0,496.4144110926255,-0.18232386078502696,0
36047086800,Brooklyn,Census Tract 868,3091,0.1745790546314347,17705.445859617084,0,3091.0,2078.291989087884,0.4914493953525742,1
36047099600,Brooklyn,Census Tract 996,3508,0.1896914984069546,18493.185142510254,0,3508.0,1527.54915421334,0.3728001636337721,0
36047042000,Brooklyn,Census Tract 420,1727,0.16865102444991506,10240.080104066452,0,1727.0,1491.54941591891,0.12222824256883584,0
36047020200,Brooklyn,Census Tract 202,1747,0.1348292019755864,12957.133724757417,0,1747.0,2095.4431192250504,0.329684232366234,0
36047065400,Brooklyn,Census Tract 654,1759,0.1515244212972097,11608.689773840382,0,1759.0,2415.4759702746483,0.3831039928956495,0
36047040400,Brooklyn,Census Tract 404,2615,0.15366020012869097,17018.069726643127,1,1307.5,1301.240480173099,0.08126895773984501,0
36047004100,Brooklyn,Census Tract 41,3364,0.16200861417057116,20764.327978623434,0,3364.0,1031.5683091666824,0.19026771272435827,0
36047032900,Brooklyn,Census Tract 329,5901,0.156417483035319,37725.9618649378,1,2950.5,418.91738638641294,-0.18179444368784992,0
36047013900,Brooklyn,Census Tract 139,3527,0.15133100554779771,23306.52589819739,0,3527.0,1080.2719642316001,0.24118814096919952,0
36047002300,Brooklyn,Census Tract 23,3642,0.1822109941016541,19987.81696985944,1,1821.0,594.9676948580288,-0.21003127695112522,0
36047016000,Brooklyn,Census Tract 160,4323,0.2586312887487989,16714.914969931593,0,4323.0,1567.2821887213577,0.4112351517005876,0
36047036300,Brooklyn,Census Tract 363,4909,0.25972237147577926,18900.95170510868,0,4909.0,1636.6974616612606,0.4781110682962333,1
36047092800,Brooklyn,Census Tract 928,2401,0.15721805160503285,15271.783204843758,0,2401.0,1332.2237664929173,0.1980138466239283,0
36047012801,Brooklyn,Census Tract 128.01,1932,0.11497478987538984,16803.683677908084,2,644.0,251.73915553835582,-0.8696260393633422,0
36047046800,Brooklyn,Census Tract 468,2215,0.2959187574181814,7485.162547063024,1,1107.5,1486.0807764407302,-0.02002951463818751,0
36047047000,Brooklyn,Census Tract 470,2486,0.18181489871687503,13673.246898601185,0,2486.0,779.4572362494001,-0.07609229562538286,0
36047045800,Brooklyn,Census Tract 458,1132,0.17938988550798748,6310.277732740939,0,1132.0,2413.38294468215,0.1949635398082251,0
36047046202,Brooklyn,Census Tract 462.02,1847,0.17284433139607167,10685.915963119505,0,1847.0,2242.096962703,0.34294750124369733,0
36047046400,Brooklyn,Census Tract 464,2768,0.16401441857183005,16876.565024603344,0,2768.0,1821.3377898931064,0.39655039359855465,0
36047047400,Brooklyn,Census Tract 474,2974,0.17587387483208697,16909.845210605516,0,2974.0,1852.4081388479738,0.4196778531899612,0
36047047600,Brooklyn,Census Tract 476,3839,0.20717587610806745,18530.14970718644,0,3839.0,1210.8809636618253,0.2772198175790838,0
36047047700,Brooklyn,Census Tract 477,4102,0.2178066897566066,18833.21400542784,0,4102.0,1567.350465569774,0.4199836024692018,0
36047047800,Brooklyn,Census Tract 478,5164,0.22122331123765906,23342.928785892465,1,2582.0,495.01371615917435,-0.2046266794791891,0
36047048000,Brooklyn,Census Tract 480,3534,0.1531583297198441,23074.161271308993,1,1767.0,450.9427684065907,-0.3288356334931017,0
36047048100,Brooklyn,Census Tract 481,2902,0.15130439481448865,19179.879101053775,0,2902.0,844.063446334991,0.049066208547126657,0
36047081400,Brooklyn,Census Tract 814,2628,0.17017489137769176,15442.936256485278,0,2628.0,2148.8510054456992,0.45293523478382264,1
36047082000,Brooklyn,Census Tract 820,4830,0.14859894007186117,32503.596577904616,0,4830.0,1334.7828160280174,0.46247699714491725,1
36047082200,Brooklyn,Census Tract 822,7682,0.16985605579896734,45226.529980726795,0,7682.0,1168.3552642861086,0.5443096554558639,1
36047082600,Brooklyn,Census Tract 826,4607,0.19908963555114378,23140.330671892338,0,4607.0,2462.3029327988756,0.6987281428411066,1
36047082800,Brooklyn,Census Tract 828,3882,0.15667686467755454,24777.110570786994,0,3882.0,1110.0901927383547,0.28384217695567854,0
36047083000,Brooklyn,Census Tract 830,6040,0.2017839653164069,29933.00280589189,0,6040.0,1062.1602482333296,0.3820793306560028,0
36047083200,Brooklyn,Census Tract 832,2227,0.14554826893012193,15300.765968361931,0,2227.0,1593.8226793087415,0.2711992294049279,0
36047083400,Brooklyn,Census Tract 834,1580,0.12599479020422952,12540.201046717255,0,1580.0,1272.0848019186947,0.05890403110754294,0
36047057400,Brooklyn,Census Tract 574,2609,0.1592034049735223,16387.840451238542,0,2609.0,1367.1562993406703,0.23893115983178395,0
36047102400,Brooklyn,Census Tract 1024,1873,0.14312526328323533,13086.438809153198,0,1873.0,1251.46687945898,0.09213376366870529,0
36047048400,Brooklyn,Census Tract 484,5371,0.20919502395359021,25674.606873973986,0,5371.0,1161.202184021867,0.3772942357717895,0
36047024100,Brooklyn,Census Tract 241,2975,0.18021326234698765,16508.21899151824,0,2975.0,730.8528814290762,-0.04091600612492672,0
36047026500,Brooklyn,Census Tract 265,4163,0.1596074928668525,26082.735373036972,1,2081.5,680.1019082798407,-0.07428539749997864,0
36047029500,Brooklyn,Census Tract 295,4011,0.16458297943207856,24370.685315338407,1,2005.5,826.5411832439522,0.002938380905182563,0
36047015100,Brooklyn,Census Tract 151,4042,0.14931153788149362,27070.915331460026,0,4042.0,961.3900620482896,0.23571399115751857,0
36047021700,Brooklyn,Census Tract 217,3958,0.11968159656820555,33071.08288569971,0,3958.0,1196.6963649083787,0.3714233085289828,0
36047055800,Brooklyn,Census Tract 558,2291,0.17162626820663762,13348.772445728653,0,2291.0,617.106468299937,-0.21112293030676324,0
36047007600,Brooklyn,Census Tract 76,4728,0.13833635116727963,34177.56764657461,0,4728.0,728.5189994367298,0.16895490901567176,0
36047012200,Brooklyn,Census Tract 122,4651,0.18166070339903972,25602.675278557716,0,4651.0,1089.1715513512233,0.3163143094018262,0
36047010200,Brooklyn,Census Tract 102,4561,0.15245178371989246,29917.655856229016,0,4561.0,2277.8258237985187,0.7000425437902692,1
36047040900,Brooklyn,Census Tract 409,3858,0.17230741422584098,22390.214706277075,0,3858.0,1404.4621494248247,0.3817133505862398,0
36047116800,Brooklyn,Census Tract 1168,2603,0.14395548800002617,18081.97822926714,0,2603.0,700.468061761358,-0.07399052122155901,0
36047096600,Brooklyn,Census Tract 966,2138,0.1812107029937412,11798.420097039434,1,1069.0,1156.385520967245,-0.07668408913822726,0
36047005202,Brooklyn,Census Tract 52.02,2784,0.5732767147109818,4856.293529039562,0,2784.0,1656.7266463623025,0.14942863355098532,0
36047042200,Brooklyn,Census Tract 422,3102,0.22727766155666926,13648.503679392836,0,3102.0,1159.8704044705723,0.1634998572519517,0
36047073800,Brooklyn,Census Tract 738,3464,0.1805801766480944,19182.61497080308,0,3464.0,916.5571593962011,0.12530156424205402,0
36047054600,Brooklyn,Census Tract 546,5214,0.18067020048723648,28859.214114661623,0,5214.0,1047.837273460376,0.33978862079473426,0
36047017600,Brooklyn,Census Tract 176,2238,0.21701595095753576,10312.606009490597,0,2238.0,611.0341133731633,-0.2624995572543595,0
36047028200,Brooklyn,Census Tract 282,2960,0.24260645716538368,12200.829419730499,1,1480.0,1290.7743856345583,0.04842318412021094,0
36047031300,Brooklyn,Census Tract 313,4346,0.17429848713380244,24934.238222410604,0,4346.0,1004.8544168105042,0.25875844866283115,0
36047081000,Brooklyn,Census Tract 810,2063,0.16240254511285523,12703.002890542139,1,1031.5,55.40514362905525,-1.5571380210158032,0
36047085800,Brooklyn,Census Tract 858,1813,0.1385118947844841,13089.128574992892,0,1813.0,2262.9417974526314,0.3765985667300608,0
36047013500,Brooklyn,Census Tract 135,3946,0.15186574474438136,25983.476435991943,1,1973.0,363.5048454955948,-0.3930297333118126,0
36047032500,Brooklyn,Census Tract 325,6057,0.1684145395015293,35964.82832139917,1,3028.5,608.1593530301366,-0.0013930074326990265,0
36047049400,Brooklyn,Census Tract 494,5512,0.18272944155924717,30164.816096221803,0,5512.0,2164.5392141025254,0.714565189025863,1
36047048800,Brooklyn,Census Tract 488,4054,0.1433309950439451,28284.182348396098,0,4054.0,2350.7972636465156,0.6826400401830247,1
36047049000,Brooklyn,Census Tract 490,5266,0.19180004678665968,27455.676305738354,0,5266.0,2194.1868159491296,0.6967844018929655,1
36047049200,Brooklyn,Census Tract 492,2759,0.16663503909937422,16557.14197273148,0,2759.0,1178.429168520281,0.17892037084198656,0
36047049600,Brooklyn,Census Tract 496,4006,0.2029712582226955,19736.784582596945,0,4006.0,857.4184294528568,0.12652684908900325,0
36047049700,Brooklyn,Census Tract 497,3290,0.16463410555568098,19983.708654385027,0,3290.0,1315.746316811392,0.29907640444683065,0
36047049800,Brooklyn,Census Tract 498,4163,0.20434849463811544,20372.06100966065,1,2081.5,644.9114999886586,-0.14038808400613825,0
36047049900,Brooklyn,Census Tract 499,2285,0.1416979512117734,16125.85065951288,0,2285.0,893.0975445951285,0.00042490992193768934,0
36047050100,Brooklyn,Census Tract 501,3089,0.172686100032403,17887.94812912201,0,3089.0,806.0324735411476,0.027748001756578673,0
36047051300,Brooklyn,Census Tract 513,5628,0.25809775365789583,21805.69152670665,1,2814.0,883.4528314701564,0.08602425588721119,0
36047040700,Brooklyn,Census Tract 407,0,0.5048306877960655,0.0,0,0.0,1110.7375711953002,-3.024468527317596,0
36047014300,Brooklyn,Census Tract 143,3625,0.21720548816905658,16689.265223255177,0,3625.0,1259.0907855093728,0.26786305248535025,0
36047018400,Brooklyn,Census Tract 184,2161,0.1491382867062872,14489.907640255191,0,2161.0,1647.523723592936,0.27258411102608876,0
36047029600,Brooklyn,Census Tract 296,6128,0.21412164206576997,28619.246241898858,0,6128.0,2241.359107288641,0.7445820452590208,1
36047028300,Brooklyn,Census Tract 283,4098,0.12187565841241885,33624.433733376434,0,4098.0,953.9741836453297,0.26980578236222125,0
36047076400,Brooklyn,Census Tract 764,4192,0.16158857926440748,25942.42748517906,0,4192.0,2243.2796814624526,0.652399962240037,1
36047015500,Brooklyn,Census Tract 155,3484,0.14964444653435893,23281.85295670201,0,3484.0,1590.2253142166614,0.4284652554372603,1
36047021300,Brooklyn,Census Tract 213,4440,0.18415457227607981,24110.180622307143,0,4440.0,1004.3010259054827,0.2573667025926765,0
36047038100,Brooklyn,Census Tract 381,5624,0.23952255411685863,23480.043542188323,2,1874.6666666666667,599.0507262893852,-0.1747277201658468,0
36047114202,Brooklyn,Census Tract 1142.02,2546,0.11916869587554021,21364.671160445043,0,2546.0,527.563966269113,-0.1905616223076658,0
36047005601,Brooklyn,Census Tract 56.01,2846,0.38097537181182006,7470.2991599303705,0,2846.0,804.8834932732619,-0.1309279150603508,0
36047003600,Brooklyn,Census Tract 36,3702,0.12529065357035382,29547.295783888898,0,3702.0,537.5687312156052,-0.05321489021087692,0
36047008000,Brooklyn,Census Tract 80,3539,0.1391150565985426,25439.374331800944,1,1769.5,649.8918719055787,-0.13342492763062871,0
36047093800,Brooklyn,Census Tract 938,2511,0.131104798547308,19152.61705004587,0,2511.0,1740.4942150234647,0.37505609697511416,0
36047064800,Brooklyn,Census Tract 648,1933,0.1515230495429227,12757.135009036558,0,1933.0,987.1428700434158,-0.02215022957253567,0
36047025902,Brooklyn,Census Tract 259.02,3611,0.059608986191886336,60578.11465499325,0,3611.0,656.4793803346951,0.15611526047067253,0
36047034000,Brooklyn,Census Tract 340,2045,0.12969593907830204,15767.648659881022,3,511.25,271.6496326035101,-0.8892152617572843,0
36047086600,Brooklyn,Census Tract 866,3252,0.15652258486224782,20776.554404989,0,3252.0,1616.351700088328,0.40411178635325457,0
36047110600,Brooklyn,Census Tract 1106,4583,0.17105193181363054,26793.032685496957,0,4583.0,891.2392181029488,0.2222110065535564,0
36047117601,Brooklyn,Census Tract 1176.01,2815,0.1523542827477702,18476.671277172874,0,2815.0,1921.8961071678161,0.4410261640198347,1
36047059402,Brooklyn,Census Tract 594.02,5730,0.32247874526600717,17768.612921367643,1,2865.0,533.6410651707314,-0.1909535596058071,0
36047043600,Brooklyn,Census Tract 436,4591,0.137522162028655,33383.710176425164,0,4591.0,1133.4700349875147,0.3762545425708308,0
36047057200,Brooklyn,Census Tract 572,5499,0.24362934432360583,22571.172677359576,1,2749.5,760.5242788756765,0.013367438397800848,0
36047050202,Brooklyn,Census Tract 502.02,2281,0.1357362038871144,16804.65443027273,0,2281.0,1166.2986191135801,0.13781824907532758,0
36047050500,Brooklyn,Census Tract 505,4284,0.16940896744071138,25287.917544856566,1,2142.0,373.68270009255906,-0.36729060377578454,0
36047050600,Brooklyn,Census Tract 506,5675,0.16468545795952305,34459.63031778325,0,5675.0,760.9819184671721,0.22856669182857792,0
36047050700,Brooklyn,Census Tract 507,3869,0.1744292123512611,22180.91767913683,1,1934.5,378.2549793810559,-0.40313793896598243,0
36047051100,Brooklyn,Census Tract 511,3922,0.1590023995719771,24666.29441164246,1,1961.0,727.7525359418842,-0.062130729406660305,0
36047051200,Brooklyn,Census Tract 512,5991,0.13999168588015481,42795.39861480647,0,5991.0,2048.6405467851946,0.7610113299827882,1
36047075000,Brooklyn,Census Tract 750,2845,0.17342052532785948,16405.20921396932,0,2845.0,3215.3025685326047,0.6767711007440974,1
36047018800,Brooklyn,Census Tract 188,2875,0.17521370238647005,16408.534040668765,0,2875.0,2602.7070959916123,0.5750554952821599,1
36047025800,Brooklyn,Census Tract 258,4482,0.17022280130751263,26330.197632590545,0,4482.0,1849.3047442101279,0.5734247235514237,1
36047049500,Brooklyn,Census Tract 495,2939,0.12910293573315815,22764.780547474118,0,2939.0,1262.362946156594,0.27705024555967556,0
36047088800,Brooklyn,Census Tract 888,4118,0.20124836985202432,20462.277548026446,0,4118.0,1086.4114274953893,0.2541821928839166,0
36047011800,Brooklyn,Census Tract 118,1930,0.21923125679910088,8803.489193005964,0,1930.0,1398.232609750405,0.08845014019210838,0
36047053200,Brooklyn,Census Tract 532,2296,0.17430427120962036,13172.367975072759,1,1148.0,116.93969676392175,-1.1670726548118295,0
36047022900,Brooklyn,Census Tract 229,3425,0.1718376325370789,19931.60607156851,0,3425.0,1138.3300997620697,0.235634177167764,0
36047040100,Brooklyn,Census Tract 401,3552,0.1595830609346163,22258.0014394843,0,3552.0,714.2252542648187,0.03199475435963476,0
36047112000,Brooklyn,Census Tract 1120,3266,0.1730049754332224,18878.069788580342,0,3266.0,1578.7524847917337,0.3778958988345596,0
36047058600,Brooklyn,Census Tract 586,2289,0.16342621250228206,14006.321048210284,0,2289.0,1199.5902089179087,0.12284642090042747,0
36047005800,Brooklyn,Census Tract 58,3069,0.1933167479039682,15875.499837833777,0,3069.0,1012.2695113920453,0.11897329951311457,0
36047014000,Brooklyn,Census Tract 140,1910,0.1475248295766633,12946.973099246608,0,1910.0,2266.2579640087115,0.3860740730525963,0
36047014800,Brooklyn,Census Tract 148,1320,0.13345857534808814,9890.709507104817,1,660.0,305.018838039714,-0.8564867701951971,0
36047064200,Brooklyn,Census Tract 642,2687,0.23507170671869834,11430.554691192308,1,1343.5,971.0761785681185,-0.12144768107608826,0
36047030900,Brooklyn,Census Tract 309,2447,0.1518625517306294,16113.254861807123,0,2447.0,1070.290176938657,0.10300949340117756,0
36047082400,Brooklyn,Census Tract 824,5862,0.2143618511993386,27346.28371234222,0,5862.0,2545.691442378733,0.790808378922098,1
36047021500,Brooklyn,Census Tract 215,5735,0.15231264905190783,37652.81502027796,1,2867.5,661.5011531519581,0.036266829549876346,0
36047038500,Brooklyn,Census Tract 385,3895,0.17444196743981655,22328.342526541364,1,1947.5,394.0260659134563,-0.3806844060199119,0
36047094402,Brooklyn,Census Tract 944.02,3122,0.10685825498346992,29216.27346883914,1,1561.0,605.2502679573548,-0.17124403609314195,0
36047024300,Brooklyn,Census Tract 243,4300,0.15434702673333645,27859.299210402412,0,4300.0,1582.398184755563,0.49761932449148905,1
36047003800,Brooklyn,Census Tract 38,1578,0.448264499548336,3520.243074323233,0,1578.0,2055.571687779139,0.08865577183235095,0
36047033300,Brooklyn,Census Tract 333,4779,0.18633559406343583,25647.27380198248,0,4779.0,1276.970461906818,0.40020955713604134,0
36047003500,Brooklyn,Census Tract 35,2125,0.1330277834105099,15974.106652912282,2,708.3333333333334,442.975440680533,-0.581661115436388,0
36047051400,Brooklyn,Census Tract 514,7214,0.1810829030447824,39838.10662796782,0,7214.0,1451.221190101096,0.6175582583347404,1
36047052600,Brooklyn,Census Tract 526,3879,0.1693339843562853,22907.392244656767,0,3879.0,1594.1561353578677,0.44874411069812187,1
36047051500,Brooklyn,Census Tract 515,2839,0.18692040171920415,15188.283215145273,1,1419.5,610.094469127857,-0.292479830466394,0
36047051700,Brooklyn,Census Tract 517,2853,0.18736629291869214,15226.858340192828,2,951.0,424.5238524285626,-0.5508392622137607,0
36047051800,Brooklyn,Census Tract 518,3448,0.20133105963961798,17126.02122182196,0,3448.0,1765.1926597670267,0.4279111849131793,1
36047051900,Brooklyn,Census Tract 519,5725,0.27493667030710006,20822.977137263148,0,5725.0,848.9612060617598,0.20245993452647013,0
36047052000,Brooklyn,Census Tract 520,3544,0.19056802560796157,18597.03372952371,0,3544.0,1322.1313576991777,0.30482698407183095,0
36047052300,Brooklyn,Census Tract 523,5432,0.14495806420475907,37472.90659405525,1,2716.0,484.19083578380133,-0.12858620196458156,0
36047052700,Brooklyn,Census Tract 527,5921,0.19000088023400252,31163.01352239935,1,2960.5,775.5890886523912,0.09017651583846036,0
36047052900,Brooklyn,Census Tract 529,3113,0.17490944069051448,17797.781455994453,1,1556.5,930.8029134772846,-0.04081833164888773,0
36047053000,Brooklyn,Census Tract 530,3628,0.17324803406090075,20941.07456783419,0,3628.0,1088.0607319132919,0.23308463593808737,0
36047053300,Brooklyn,Census Tract 533,6233,0.19314777446837705,32270.628109258865,0,6233.0,1157.027099247507,0.4426285415945394,1
36047053400,Brooklyn,Census Tract 534,4488,0.1733831321187872,25884.870951144247,0,4488.0,1396.3060886025028,0.4328969350218503,1
36047053500,Brooklyn,Census Tract 535,4275,0.13036336518137817,32792.95524514939,1,2137.5,327.4431924712053,-0.39036767394309807,0
36047067000,Brooklyn,Census Tract 670,2598,0.20826582881694375,12474.441989633953,0,2598.0,3054.6464526306845,0.5888736265827595,1
36047025500,Brooklyn,Census Tract 255,4922,0.1386319080490033,35504.09187371339,0,4922.0,751.4151897315293,0.19843648816725265,0
36047029400,Brooklyn,Census Tract 294,2143,0.2520541227488636,8502.14222496649,0,2143.0,563.4967571999317,-0.34227114161696837,0
36047027900,Brooklyn,Census Tract 279,4161,0.16192127815644944,25697.672642996393,0,4161.0,1151.1479608568877,0.32160731895682276,0
36047062600,Brooklyn,Census Tract 626,3225,0.3181652034858,10136.243576189609,1,1612.5,380.7611705008537,-0.5635039315316256,0
36047005100,Brooklyn,Census Tract 51,2425,0.17970283269302312,13494.500691274576,0,2425.0,1186.118585625162,0.12292591722827861,0
36047111800,Brooklyn,Census Tract 1118,4004,0.16231098196180163,24668.694327425754,0,4004.0,1543.708450834802,0.45135138225351157,1
36047021600,Brooklyn,Census Tract 216,3670,0.16817599258586266,21822.37751994401,0,3670.0,1479.8752509438043,0.3931549145891662,0
36047020500,Brooklyn,Census Tract 205,3542,0.15970981627781208,22177.722588064098,1,1771.0,309.58236543488505,-0.5191885544660554,0
36047015700,Brooklyn,Census Tract 157,4777,0.16742729087582475,28531.78818704617,0,4777.0,1560.1508004699172,0.5157763593841007,1
36047003300,Brooklyn,Census Tract 33,4203,0.16458372255321593,25537.154797559135,0,4203.0,726.1325416581781,0.09636359568167156,0
36047040800,Brooklyn,Census Tract 408,3724,0.1529310223399668,24350.84748025499,0,3724.0,1925.6084542402868,0.5432084424470841,1
36047050900,Brooklyn,Census Tract 509,5473,0.1417871642098299,38600.10904725158,1,2736.5,399.0819072992648,-0.21707773925065177,0
36047026900,Brooklyn,Census Tract 269,3124,0.1339456809374817,23322.887144514258,1,1562.0,371.6058648635827,-0.4468886903253979,0
36047045600,Brooklyn,Census Tract 456,2245,0.1536535872585042,14610.788072412848,0,2245.0,1752.6513752235123,0.3120197328410285,0
36047100600,Brooklyn,Census Tract 1006,2533,0.1521160458893367,16651.7607343195,0,2533.0,1809.121346705877,0.3731536453952023,0
36047040600,Brooklyn,Census Tract 406,3924,0.14704952455969636,26684.88736532439,0,3924.0,2182.4442799560834,0.6301169216413128,1
36047084800,Brooklyn,Census Tract 848,1508,0.13750216385932917,10967.100136276771,0,1508.0,1059.7868786532508,-0.06190123982177317,0
36047056000,Brooklyn,Census Tract 560,3594,0.18475200710255987,19453.103954669852,0,3594.0,1718.0358255046065,0.4436208879420915,1
36047023200,Brooklyn,Census Tract 232,6648,0.22637682404898365,29366.963813228067,0,6648.0,1278.9195393334887,0.4895735412592736,1
36047091600,Brooklyn,Census Tract 916,4650,0.21564073020929814,21563.644286896866,0,4650.0,905.8273198538188,0.19794495460832393,0
36047048900,Brooklyn,Census Tract 489,3228,0.0915802650455901,35247.768702056615,2,1076.0,446.1052535000082,-0.36564337506207534,0
36047013300,Brooklyn,Census Tract 133,4388,0.14849002766386968,29550.805997106567,0,4388.0,1029.7185972269056,0.30021922710539967,0
36047054500,Brooklyn,Census Tract 545,7454,0.16776477223645256,44431.25872393589,0,7454.0,860.9588185389364,0.3854204350780707,0
36047006200,Brooklyn,Census Tract 62,2721,0.1622739252311857,16767.943439609855,0,2721.0,1715.5186422695745,0.36263903790655433,0
36005014701,Bronx,Census Tract 147.01,5151,0.13846060802972457,37201.91665556018,1,2575.5,723.7074776545443,0.05674144916834325,0
36005017901,Bronx,Census Tract 179.01,4993,0.07672172158368824,65079.35297767821,0,4993.0,1303.250306439177,0.5698917768233139,1
36005018301,Bronx,Census Tract 183.01,4427,0.06787461300689392,65223.20796952988,0,4427.0,416.2383908642642,-0.014309453462746036,0
36005022102,Bronx,Census Tract 221.02,5896,0.07829121180512062,75308.5801593682,0,5896.0,1149.831170766947,0.5656015686745731,1
36005023703,Bronx,Census Tract 237.03,5081,0.1005913066999891,50511.32316189059,0,5081.0,1119.9960912214462,0.4579451264926752,1
36005026702,Bronx,Census Tract 267.02,7702,0.16636530196651098,46295.71135903326,1,3851.0,759.880048661846,0.19735934360782859,0
36005033201,Bronx,Census Tract 332.01,4123,0.11403362443138915,36156.00241208411,0,4123.0,685.639479310403,0.12063529329274654,0
36005040303,Bronx,Census Tract 403.03,4076,0.08754785059259891,46557.396582670364,0,4076.0,1725.7631599799092,0.6125978542324755,1
36005021700,Bronx,Census Tract 217,5100,0.16150659257480002,31577.658340095255,0,5100.0,1247.752099150931,0.43566480194907314,1
36005023702,Bronx,Census Tract 237.02,1119,0.04789224578907204,23364.95149816782,0,1119.0,1156.024972034036,0.043059760853184616,0
36005040302,Bronx,Census Tract 403.02,4389,0.06269581031115568,70004.67779613417,0,4389.0,1234.713004384376,0.529129294090256,1
36005007600,Bronx,Census Tract 76,5317,0.21721226866441057,24478.359499180402,0,5317.0,1549.2977960505896,0.5091612040308774,1
36005009000,Bronx,Census Tract 90,3593,2.1866783780566195,1643.1314435885306,0,3593.0,1298.9829866636994,-0.09401514601140998,0
36005015900,Bronx,Census Tract 159,2153,0.10360082688785519,20781.687411921514,0,2153.0,893.5317067122148,0.029730757958901663,0
36005005001,Bronx,Census Tract 50.01,4597,0.09788783450182524,46961.91333065278,0,4597.0,1389.5503981396728,0.5318472100895272,1
36047053700,Brooklyn,Census Tract 537,4181,0.16745111576630706,24968.48098542955,0,4181.0,2223.4161962378766,0.6413010918204884,1
36047054700,Brooklyn,Census Tract 547,8440,0.17009474287631818,49619.40538125284,1,4220.0,708.5603416262455,0.19274563202189018,0
36047054800,Brooklyn,Census Tract 548,2236,0.17321746300791027,12908.629194608913,0,2236.0,1364.1011849565814,0.16802193598953966,0
36047053900,Brooklyn,Census Tract 539,2552,0.10138032386945418,25172.537456934635,0,2552.0,1262.196182361092,0.26475415161797566,0
36047054300,Brooklyn,Census Tract 543,0,1.332019450540521,0.0,0,0.0,2585.502256812074,-2.6093950023334394,0
36047054400,Brooklyn,Census Tract 544,3906,0.19000692812040768,20557.145145385235,0,3906.0,1563.3530310179883,0.4230261493226959,1
36047054900,Brooklyn,Census Tract 549,4645,0.19544032977579023,23766.84487448808,0,4645.0,1207.1905406252313,0.3545297622838672,0
36047055000,Brooklyn,Census Tract 550,3512,0.17981428543837608,19531.262443570387,1,1756.0,599.3577867031603,-0.2175055722611342,0
36047055300,Brooklyn,Census Tract 553,3325,0.1562708635096874,21277.158936245844,0,3325.0,1389.7761787353402,0.3382601934802991,0
36047055400,Brooklyn,Census Tract 554,4088,0.16930239595100877,24146.143809937275,0,4088.0,1673.7261189892904,0.4918031766653484,1
36047055500,Brooklyn,Census Tract 555,9183,0.2616671469247017,35094.20310468908,0,9183.0,1045.7151262247762,0.48481516576149847,1
36047055600,Brooklyn,Census Tract 556,3363,0.1931987492897617,17406.944984701397,1,1681.5,535.9002337159127,-0.299824973562338,0
36047055700,Brooklyn,Census Tract 557,1775,0.2824900961627149,6283.406123298553,1,887.5,350.74379864841075,-0.8017516640475439,0
36047056200,Brooklyn,Census Tract 562,1865,0.17081334870517098,10918.350434186772,0,1865.0,2419.039263953798,0.38571424125639003,0
36047056400,Brooklyn,Census Tract 564,2564,0.18322117152020154,13994.015968385505,0,2564.0,1694.6880093424334,0.3153438180698656,0
36047008200,Brooklyn,Census Tract 82,3828,0.13969158497157078,27403.225475457613,0,3828.0,1329.9970711890955,0.3861012009599265,0
36047028900,Brooklyn,Census Tract 289,4261,0.16573817785145953,25709.22436361561,1,2130.5,532.8944325105039,-0.19162711430190793,0
36047026800,Brooklyn,Census Tract 268,4280,0.1789689388429595,23914.76435894603,0,4280.0,1336.4304854023244,0.3889604439089663,0
36047078400,Brooklyn,Census Tract 784,2334,0.1674266304400449,13940.434648093811,0,2334.0,1407.2541176093769,0.20443832737203507,0
36047057100,Brooklyn,Census Tract 571,4184,0.17586565603744903,23790.88728449092,0,4184.0,967.2992257473744,0.22477723914891987,0
36047086200,Brooklyn,Census Tract 862,2897,0.14014726018951434,20671.114055904676,0,2897.0,827.6625018005703,0.05121151952936168,0
36047111000,Brooklyn,Census Tract 1110,2856,0.12498149410247332,22851.38308282939,0,2856.0,812.7301094248957,0.05563564843041177,0
36047004300,Brooklyn,Census Tract 43,3952,0.1653829277237184,23896.05779988392,0,3952.0,1373.6869195544946,0.38623507949997365,0
36047030300,Brooklyn,Census Tract 303,5748,0.2535829148081087,22667.142241619975,0,5748.0,1658.9016358870042,0.5460342533560124,1
36047031702,Brooklyn,Census Tract 317.02,3812,0.13978691213202282,27270.078019891644,0,3812.0,1605.3170122750475,0.476889226864836,1
36047036100,Brooklyn,Census Tract 361,2902,0.1410887422240356,20568.61486079377,0,2902.0,2244.204210563181,0.5407221483966592,1
36047038300,Brooklyn,Census Tract 383,5456,0.17453712300893934,31259.825451119403,0,5456.0,1248.8357431631332,0.4480827084498135,1
36047039400,Brooklyn,Census Tract 394,2076,0.19210012581869276,10806.864343021633,0,2076.0,1714.62089997025,0.23659128306426733,0
36047042400,Brooklyn,Census Tract 424,3403,0.16103453728010525,21132.112759642263,0,3403.0,2154.9672761635534,0.5573291622776869,1
36047043800,Brooklyn,Census Tract 438,2383,0.1560715318387998,15268.63978282284,1,1191.5,428.19607503686314,-0.5006637219123091,0
36047044700,Brooklyn,Census Tract 447,2470,0.16280715049088454,15171.323818104007,0,2470.0,1398.1575069262599,0.22639516117322891,0
36047047200,Brooklyn,Census Tract 472,2958,0.17280223293434122,17117.83435763782,0,2958.0,1133.880131221675,0.1794534332255792,0
36047049100,Brooklyn,Census Tract 491,7170,0.21316435385924576,33636.01779655154,0,7170.0,1168.5588864659364,0.48250262832710883,1
36047050300,Brooklyn,Census Tract 503,3044,0.12530579765434538,24292.57110989261,1,1522.0,544.8489304843165,-0.25783647155665484,0
36047055200,Brooklyn,Census Tract 552,3745,0.16767028613304294,22335.50193281366,0,3745.0,1128.4463903043575,0.26783626966291396,0
36047056500,Brooklyn,Census Tract 565,3340,0.23796116313020904,14035.903825921368,1,1670.0,540.7244177157299,-0.33167768498324796,0
36047057500,Brooklyn,Census Tract 575,4903,0.1814037132625546,27028.11266549789,0,4903.0,1723.3026946587195,0.5611276107778999,1
36047057600,Brooklyn,Census Tract 576,2881,0.15860463973852404,18164.664064995974,1,1440.5,750.073967230994,-0.15914184216735147,0
36047056600,Brooklyn,Census Tract 566,2297,0.17153117924691014,13391.151451792848,0,2297.0,1777.9564269948012,0.30956851445233063,0
36047056800,Brooklyn,Census Tract 568,1247,0.11781777876389515,10584.14114646455,0,1247.0,1713.0657189728304,0.12985748293326502,0
36047056900,Brooklyn,Census Tract 569,1744,0.12795362336080793,13629.938365107568,0,1744.0,651.8857176611949,-0.23592759205453415,0
36047057000,Brooklyn,Census Tract 570,3621,0.26237300598831365,13800.962436514079,0,3621.0,853.8957914768496,0.04615187555875807,0
36047057300,Brooklyn,Census Tract 573,2482,0.1701404822050881,14587.945019505623,1,1241.0,897.3391852837896,-0.13674261142938796,0
36047057800,Brooklyn,Census Tract 578,2997,0.17223392739796584,17400.752832367893,0,2997.0,1423.8933981120297,0.2966207743522079,0
36047058000,Brooklyn,Census Tract 580,3466,0.15864247545380228,21847.868864157517,0,3466.0,885.9004681420874,0.12978601185041794,0
36047058800,Brooklyn,Census Tract 588,3639,0.15961287467158597,22798.912728609663,0,3639.0,1293.714740317621,0.33249320400572435,0
36047059000,Brooklyn,Census Tract 590,2013,0.15838416327570146,12709.604030902658,0,2013.0,1098.390192696771,0.037876847573034896,0
36047083600,Brooklyn,Census Tract 836,1876,0.20819796237376553,9010.654948832438,0,1876.0,897.1351004090292,-0.13145527856669412,0
36047084000,Brooklyn,Census Tract 840,2378,0.17005655263586839,13983.583479384442,0,2378.0,2151.820167658904,0.41734692995909334,0
36047085000,Brooklyn,Census Tract 850,1486,0.14461208959199204,10275.766045512477,1,743.0,825.8102097164146,-0.33781628014626325,0
36047085200,Brooklyn,Census Tract 852,22,0.39570860940598673,55.59646537138789,0,22.0,1931.8767232447333,-1.465351068304931,0
36047085400,Brooklyn,Census Tract 854,2147,0.12874934107455263,16675.813499944627,0,2147.0,2666.481745654256,0.5306001455665575,1
36047090000,Brooklyn,Census Tract 900,4556,0.2461902010494364,18506.016813744463,0,4556.0,2160.946624173894,0.5961346823882386,1
36047092000,Brooklyn,Census Tract 920,2850,0.23714829002655863,12017.79696442603,0,2850.0,1267.7259838175253,0.1694509262132475,0
36047090200,Brooklyn,Census Tract 902,3886,0.19055759212464793,20392.784966857063,0,3886.0,1016.1822593428391,0.20909933196402816,0
36047090600,Brooklyn,Census Tract 906,4404,0.1958304422610482,22488.842639334533,1,2202.0,516.6605692910863,-0.2218169563914847,0
36047090800,Brooklyn,Census Tract 908,6456,0.2964442502702288,21778.12520942782,0,6456.0,1066.1103409506097,0.34584039188523485,0
36047091000,Brooklyn,Census Tract 910,5939,0.2120660587468536,28005.4245129791,1,2969.5,683.4332144362284,0.011389843591745627,0
36047091800,Brooklyn,Census Tract 918,2546,0.20963202988619922,12145.090620847019,1,1273.0,692.6422074738351,-0.2884029895037123,0
36047092200,Brooklyn,Census Tract 922,2990,0.16139280944379383,18526.228090981265,1,1495.0,312.2379450792227,-0.578350360006985,0
36047093000,Brooklyn,Census Tract 930,3011,0.19422776419179769,15502.41806329332,1,1505.5,464.2830388620453,-0.4112930658005438,0
36047093400,Brooklyn,Census Tract 934,2430,0.177758392523237,13670.24063115526,0,2430.0,1396.3095778563322,0.20557327015790847,0
36047093600,Brooklyn,Census Tract 936,1565,0.16512078764246005,9477.91021557341,0,1565.0,1507.989765891145,0.09519731602557287,0
36047059200,Brooklyn,Census Tract 592,3894,0.21930636279671534,17755.98277378536,0,3894.0,1638.0664073088196,0.42161197240326326,0
36047060600,Brooklyn,Census Tract 606,2766,0.17926560607895742,15429.618991061325,1,1383.0,290.31473567172804,-0.6593644794614011,0
36047063200,Brooklyn,Census Tract 632,1468,0.11743896557863581,12500.110102017577,0,1468.0,1571.4158571221778,0.14734553557689686,0
36047065600,Brooklyn,Census Tract 656,1844,0.15357696345886346,12007.009114318938,0,1844.0,1989.6440181359424,0.30280550233390313,0
36047059100,Brooklyn,Census Tract 591,3885,0.19210123569777723,20223.71165853439,1,1942.5,498.807152081909,-0.2815869121580697,0
36047069000,Brooklyn,Census Tract 690,1728,0.17291413415144763,9993.399374087738,0,1728.0,1013.002314130083,-0.0716359200406631,0
36047073000,Brooklyn,Census Tract 730,2449,0.1851231526124528,13229.03140660571,0,2449.0,2519.994341394913,0.4919105789085554,1
36047074200,Brooklyn,Census Tract 742,2799,0.17432738994802127,16055.996713049914,0,2799.0,3245.9652846248614,0.6746580214786602,1
36047078000,Brooklyn,Census Tract 780,2221,0.1645347020959894,13498.672144580605,0,2221.0,1333.5531909423366,0.16277661022770276,0
36047080000,Brooklyn,Census Tract 800,3386,0.17367810880004295,19495.8364263301,0,3386.0,1481.34997644785,0.35911612065654247,0
36047084600,Brooklyn,Census Tract 846,1991,0.166528424553233,11955.916867294633,0,1991.0,1240.678166718279,0.08558455098409945,0
36047087200,Brooklyn,Census Tract 872,3170,0.1472036298333708,21534.795056265433,0,3170.0,2535.6684805235977,0.6259965137916437,1
36047091200,Brooklyn,Census Tract 912,6710,0.16723691279108988,40122.72104294369,1,3355.0,698.9158205148793,0.10527596046798561,0
36047098200,Brooklyn,Census Tract 982,4124,0.34564416838177003,11931.345520185285,1,2062.0,1000.2347372619319,-0.01347350084342943,0
36047099200,Brooklyn,Census Tract 992,1805,0.1346028267651067,13409.822389167779,0,1805.0,1820.3375858267802,0.27269164727770473,0
36047115000,Brooklyn,Census Tract 1150,2937,0.15825114614676933,18559.107289346848,0,2937.0,1484.8451487774164,0.32356517742079705,0
36047116200,Brooklyn,Census Tract 1162,2538,0.14344673153397217,17692.978939704397,0,2538.0,1653.334852251838,0.33913694068656275,0
36047119000,Brooklyn,Census Tract 1190,1877,0.14061691915259814,13348.322600945843,0,1877.0,1278.8093324296976,0.1063897867110179,0
36047000100,Brooklyn,Census Tract 1,4839,0.20781713821545386,23284.893832881,3,1209.75,537.9853891377854,-0.31727510112174456,0
36047000200,Brooklyn,Census Tract 2,1203,0.27692879408056686,4344.076981933526,0,1203.0,1434.2896506418153,-0.10887752185459083,0
36047000301,Brooklyn,Census Tract 3.01,4031,0.20099396720579285,20055.32830680812,2,1343.6666666666667,63.33044879148902,-1.3651738612428066,0
36047014200,Brooklyn,Census Tract 142,3497,0.2002268164177493,17465.193037399786,0,3497.0,2185.685042161515,0.538917839060637,1
36047014500,Brooklyn,Census Tract 145,4459,0.21662529742027936,20583.930192368065,0,4459.0,1571.442362003869,0.45251815291618547,1
36047014700,Brooklyn,Census Tract 147,2349,0.10597899935372208,22164.768627035548,1,1174.5,536.1887273927022,-0.3328713920704017,0
36047015000,Brooklyn,Census Tract 150,1555,0.13350633066677878,11647.387747335793,0,1555.0,483.31416344608397,-0.4313643052816032,0
36047015300,Brooklyn,Census Tract 153,2630,0.15047617417075257,17477.849995146822,1,1315.0,800.9435456699251,-0.15157342540265298,0
36047015400,Brooklyn,Census Tract 154,0,0.9229430182091494,0.0,3,0.0,594.9081511147047,-3.331008468872659,0
36047015900,Brooklyn,Census Tract 159,5439,0.2508632650625298,21681.133738908655,0,5439.0,1544.9287852765751,0.4927015260164113,1
36047016100,Brooklyn,Census Tract 161,3574,0.18239681097097868,19594.640832665995,1,1787.0,267.4257603281101,-0.6091376446539553,0
36047016200,Brooklyn,Census Tract 162,2282,0.23771221180611413,9599.843368001952,1,1141.0,720.8239144572717,-0.32901609692984807,0
36047016300,Brooklyn,Census Tract 163,4082,0.18409150187058693,22173.755760163083,0,4082.0,923.1386008528871,0.18544408489550915,0
36047016400,Brooklyn,Census Tract 164,859,1.4524418991580064,591.4178050756935,0,859.0,2633.8828912382505,-0.20100287443794587,0
36047016500,Brooklyn,Census Tract 165,6118,0.18664430374961635,32778.926959417455,0,6118.0,1605.069405897049,0.6021770958801634,1
36047016700,Brooklyn,Census Tract 167,4851,0.16891433013615506,28718.70016054768,0,4851.0,660.2583512157001,0.09766330490019522,0
36047016800,Brooklyn,Census Tract 168,1970,0.2859163183281304,6890.127893082127,0,1970.0,1021.0741201754795,-0.10149442451307322,0
36047016900,Brooklyn,Census Tract 169,4726,0.2094633999336196,22562.41425231187,0,4726.0,1966.5806811029886,0.5893278066048215,1
36047017100,Brooklyn,Census Tract 171,4195,0.20848769119170407,20121.091926442336,0,4195.0,1793.0126874437613,0.5013079172239191,1
36047017200,Brooklyn,Census Tract 172,2830,0.20631893941569876,13716.627315042635,0,2830.0,1722.4155674909491,0.34000959049466833,0
36047017400,Brooklyn,Census Tract 174,2038,0.2570090385983124,7929.682205400001,1,1019.0,275.48763260226013,-0.8545171579233847,0
36047017500,Brooklyn,Census Tract 175,0,1.961393075225625,0.0,0,0.0,3349.281107460242,-2.4822071189260053,0
36047085600,Brooklyn,Census Tract 856,3458,0.15862771836621492,21799.46881677204,0,3458.0,2678.9238098228366,0.6725441779286617,1
36047086000,Brooklyn,Census Tract 860,2707,0.17536601417760628,15436.286287823243,1,1353.5,869.1639141155513,-0.12573295140428756,0
36047086400,Brooklyn,Census Tract 864,2207,0.15082290421253391,14633.055977293603,0,2207.0,1687.265269460345,0.29013987370167793,0
36047087000,Brooklyn,Census Tract 870,3132,0.15571713259919662,20113.393739798154,0,3132.0,2192.318633798079,0.5410085931374865,1
36047087401,Brooklyn,Census Tract 874.01,3069,0.13059434918306087,23500.251114985254,0,3069.0,998.844497808493,0.1759478229685306,0
36047087600,Brooklyn,Census Tract 876,1917,0.14221212535906672,13479.863233601423,0,1917.0,1560.7852630945995,0.21011696126669907,0
36047087800,Brooklyn,Census Tract 878,2691,0.15141423136451393,17772.437740820405,0,2691.0,2562.4942006929664,0.5669791285683984,1
36047088200,Brooklyn,Census Tract 882,7033,0.2031795141999249,34614.71018716807,0,7033.0,1331.7430518186443,0.547456372039865,1
36047059800,Brooklyn,Census Tract 598,3123,0.199217461328787,15676.336698447452,0,3123.0,1173.1481903341444,0.19288955389539653,0
36047061002,Brooklyn,Census Tract 610.02,5163,0.5258145945432101,9819.050390728014,0,5163.0,1135.8888655073793,0.20280905569800486,0
36047061200,Brooklyn,Census Tract 612,1094,0.23764000984965764,4603.60189638149,0,1094.0,1721.0694618073696,-0.02910854481906629,0
36047060000,Brooklyn,Census Tract 600,6451,0.439920617145184,14664.00925208518,0,6451.0,1710.9476160912752,0.5139768550655334,1
36047060800,Brooklyn,Census Tract 608,3779,0.5210364474936439,7252.8515388476735,0,3779.0,2040.1797428921761,0.378395613378628,0
36047061600,Brooklyn,Census Tract 616,1553,1.6591702883989388,936.0100110631859,2,517.6666666666666,1130.3618530419494,-0.6444850011046356,0
36047062200,Brooklyn,Census Tract 622,2891,0.35516113974316965,8139.967120531797,0,2891.0,2496.6949853872525,0.44220198304901515,1
36047062800,Brooklyn,Census Tract 628,4879,1.040420037323457,4689.452168329553,1,2439.5,981.947140273732,-0.1398291641930795,0
36047063600,Brooklyn,Census Tract 636,1112,0.1143331393056118,9725.964027171778,0,1112.0,829.4495368370124,-0.26318767640689106,0
36047063800,Brooklyn,Census Tract 638,1851,0.13918685303985362,13298.669806623186,0,1851.0,587.470532442077,-0.27895113619428863,0
36047064000,Brooklyn,Census Tract 640,1581,0.1534028228306048,10306.1988744876,0,1581.0,1386.5647595198352,0.06958279171285767,0
36047064400,Brooklyn,Census Tract 644,2447,0.19933075271403344,12276.07866163305,0,2447.0,703.3052206249827,-0.1472126271426112,0
36047065000,Brooklyn,Census Tract 650,1312,0.16622997837061343,7892.679845478094,1,656.0,140.7218687587779,-1.2726628344125155,0
36047094401,Brooklyn,Census Tract 944.01,3056,0.3689676368726575,8282.569240767107,0,3056.0,1099.8072409394072,0.05346919582577786,0
36047095000,Brooklyn,Census Tract 950,2592,0.24243886212666166,10691.35524421747,0,2592.0,833.6889059733347,-0.0744810517930936,0
36047095400,Brooklyn,Census Tract 954,4167,0.23702564977909515,17580.37581115626,1,2083.5,1062.6327687810824,0.08112129371300339,0
36047095600,Brooklyn,Census Tract 956,4054,0.23758205549892522,17063.578271879796,1,2027.0,381.10066478333334,-0.43251425713160935,0
36005044902,Bronx,Census Tract 449.02,2303,0.15669613961311898,14697.235079856346,1,1151.5,657.9911451787823,-0.3029511493479377,0
36005025100,Bronx,Census Tract 251,6542,0.2093236406745706,31253.03945086001,2,2180.6666666666665,544.9379074578355,-0.14433322601491053,0
36005022404,Bronx,Census Tract 224.04,4466,0.09271971493978791,48166.67094910954,0,4466.0,796.1963573822193,0.2566231164046523,0
36005039901,Bronx,Census Tract 399.01,5032,0.15165088771881485,33181.474079664724,2,1677.3333333333333,305.31866104243784,-0.4716958048560362,0
36005023704,Bronx,Census Tract 237.04,3659,0.06746392759877,54236.39165749832,0,3659.0,1074.2605149567103,0.38267669742326865,0
36005015300,Bronx,Census Tract 153,3502,0.23683169686757835,14786.872054369065,0,3502.0,827.6698386097733,0.0352622974926334,0
36047000700,Brooklyn,Census Tract 7,3983,0.1767737158552567,22531.63022980918,1,1991.5,952.6083024438686,0.05851698172920789,0
36047000900,Brooklyn,Census Tract 9,4792,0.163467198825025,29314.749591625095,0,4792.0,1147.80080499381,0.37002764485474166,0
36047001100,Brooklyn,Census Tract 11,1585,0.16850704645824915,9406.134837172605,0,1585.0,1319.3322336936228,0.030877399806337223,0
36047001300,Brooklyn,Census Tract 13,2408,0.2931663243860981,8213.767406752626,2,802.6666666666666,691.9815295690433,-0.44530368506025847,0
36047002000,Brooklyn,Census Tract 20,1795,0.15413888517126229,11645.341783843785,0,1795.0,1001.5749435682995,-0.044748171594954096,0
36047002100,Brooklyn,Census Tract 21,6180,0.5682295909842203,10875.885554104518,2,2060.0,447.7640819892972,-0.4231523946310578,0
36047002200,Brooklyn,Census Tract 22,4155,0.34004602678435286,12218.934122806199,1,2077.5,1440.8553255164977,0.17117068924964254,0
36047002901,Brooklyn,Census Tract 29.01,3340,0.10925897979763505,30569.569715790953,1,1670.0,206.48260709314025,-0.6773656558102356,0
36047003400,Brooklyn,Census Tract 34,3515,3.048126467468997,1153.1673759319672,1,1757.5,3863.9821702384406,0.23987057704023454,0
36047003700,Brooklyn,Census Tract 37,4276,0.1664473171602657,25689.810283230967,0,4276.0,1414.710861072249,0.4283299579484358,1
36047003900,Brooklyn,Census Tract 39,2557,0.1569220765671612,16294.711718944323,1,1278.5,664.3975277956112,-0.26036282478012557,0
36005014100,Bronx,Census Tract 141,6864,0.17716333446589613,38743.908386536474,2,2288.0,546.8443494857742,-0.09811488126996837,0
36005033000,Bronx,Census Tract 330,5016,0.20612517389185697,24334.727802978745,0,5016.0,1480.2551639388118,0.4740415620292692,1
36005021100,Bronx,Census Tract 211,6291,0.15166477527161323,41479.63816076331,0,6291.0,885.2927106940266,0.3537042458684824,0
36005004600,Bronx,Census Tract 46,1784,0.1353375450660373,13181.855774977343,0,1784.0,1638.0180791043697,0.2157036215514038,0
36005005902,Bronx,Census Tract 59.02,3044,0.07034618607979143,43271.7133598016,0,3044.0,1223.4109504048756,0.37277961288281203,0
36005028100,Bronx,Census Tract 281,3512,0.12915556071526157,27192.01543124118,0,3512.0,514.0222527308671,-0.09928761007627741,0
36005022701,Bronx,Census Tract 227.01,4995,0.11719157026095843,42622.51959656564,0,4995.0,1052.8590837934032,0.39663190508272245,0
36005031600,Bronx,Census Tract 316,1842,0.17716677181840113,10396.983481124103,0,1842.0,1434.1443564806086,0.11842898681827546,0
36005019500,Bronx,Census Tract 195,7286,0.21984092551519396,33142.14577165451,1,3643.0,405.04533918693636,-0.1767072060620614,0
36005028600,Bronx,Census Tract 286,1014,0.2000160205249745,5069.593912220594,0,1014.0,1174.8261500911544,-0.2163827686637322,0
36005016400,Bronx,Census Tract 164,1107,0.16457626967032118,6726.364634570585,0,1107.0,2718.7238119190242,0.2593367332831918,0
36005036800,Bronx,Census Tract 368,2185,0.16952764645089174,12888.753225468414,0,2185.0,2204.3610672743853,0.39890095082335736,0
36005006000,Bronx,Census Tract 60,1220,0.3364838214998909,3625.7315271854623,0,1220.0,1204.8664016556388,-0.22093257705020766,0
36005037600,Bronx,Census Tract 376,1934,0.12476369972465913,15501.30369865708,0,1934.0,529.8197389888179,-0.2959531551075856,0
36005023301,Bronx,Census Tract 233.01,3742,0.11910928475278466,31416.52649301561,0,3742.0,1840.9761232429967,0.5633658178718891,1
36005004001,Bronx,Census Tract 40.01,1378,0.12314328922629204,11190.215956208081,0,1378.0,2010.084717419069,0.237598990209117,0
36005006900,Bronx,Census Tract 69,6524,0.18797533892113208,34706.68034138906,0,6524.0,634.9106076180345,0.1689790328846612,0
36005003100,Bronx,Census Tract 31,2641,0.15470140058463508,17071.59721902546,0,2641.0,1331.492546158769,0.23503025411844972,0
36005039000,Bronx,Census Tract 390,3093,0.1816442800206392,17027.7863946421,1,1546.5,375.8769507854368,-0.4942542482593915,0
36005042800,Bronx,Census Tract 428,2249,0.16919760987769722,13292.149940094703,0,2249.0,2445.5820510839903,0.46074816398990087,1
36005038800,Bronx,Census Tract 388,2793,0.14865661842692662,18788.2653968274,0,2793.0,1781.2968223432713,0.40482554506048335,0
36005005600,Bronx,Census Tract 56,2531,0.13618660860775328,18584.793511451808,0,2531.0,705.4936799921754,-0.07170372359086398,0
36005014500,Bronx,Census Tract 145,6560,0.18190087779292496,36063.59727119003,0,6560.0,1161.222292785554,0.47273515724772697,1
36047017700,Brooklyn,Census Tract 177,0,2.5403631256970165,0.0,13,0.0,1043.653965015231,-3.0550631318177817,0
36047017800,Brooklyn,Census Tract 178,2654,0.16401953926520596,16180.998994935004,1,1327.0,534.5253114423085,-0.360718219828362,0
36047017900,Brooklyn,Census Tract 179,4017,0.1582881385428983,25377.770166343427,0,4017.0,1401.538712335902,0.4091344995068027,0
36047018000,Brooklyn,Census Tract 180,3027,0.1761084703812575,17188.270350919767,0,3027.0,1052.6682352544465,0.14827691132811519,0
36047018200,Brooklyn,Census Tract 182,3460,0.16546395643995432,20910.898508918523,0,3460.0,1485.8994319462606,0.3763384909779342,0
36047018300,Brooklyn,Census Tract 183,2879,0.13730983761771395,20967.17940935492,1,1439.5,497.862903287854,-0.33717958261108955,0
36047018501,Brooklyn,Census Tract 185.01,4334,0.11109606199413896,39011.28376835398,0,4334.0,796.5375967603455,0.21662588064788768,0
36047018600,Brooklyn,Census Tract 186,2081,0.11305494281503634,18406.97936935515,0,2081.0,1926.738131936001,0.38063687142281705,0
36047018700,Brooklyn,Census Tract 187,1448,0.08576613030865032,16883.121516489307,1,724.0,413.2760377112876,-0.6023177787388693,0
36047019000,Brooklyn,Census Tract 190,4093,0.21293290810440468,19222.017096545413,0,4093.0,3129.537280612201,0.7626136175784185,1
36047019100,Brooklyn,Census Tract 191,2825,0.25379779745118114,11130.90825992451,1,1412.5,605.8229133668385,-0.34726547826179716,0
36047019200,Brooklyn,Census Tract 192,3095,0.18979000703625024,16307.497156100791,0,3095.0,3075.958186349551,0.6710423493639031,1
36047019600,Brooklyn,Census Tract 196,4494,0.18830775142426956,23865.18858628781,0,4494.0,2989.509688770109,0.7940433182394481,1
36047019700,Brooklyn,Census Tract 197,4051,0.16981693204938142,23855.100614007097,2,1350.3333333333333,207.26374171758107,-0.7585883194858881,0
36047019800,Brooklyn,Census Tract 198,1812,0.13471580962798466,13450.537134459617,0,1812.0,1858.4711325018081,0.28415005812542954,0
36047019900,Brooklyn,Census Tract 199,3964,0.18891252866885433,20983.256261147795,1,1982.0,906.9869413522937,0.021921387711767482,0
36047020000,Brooklyn,Census Tract 200,2118,0.13485842130075334,15705.359588012383,0,2118.0,1820.1548249305665,0.330527702592521,0
36047020300,Brooklyn,Census Tract 203,1984,0.14084667352418426,14086.239670114288,0,1984.0,1223.35463992584,0.10452502622336972,0
36047020400,Brooklyn,Census Tract 204,1754,0.13480102853251189,13011.770155573871,0,1754.0,1518.9342315936622,0.17309637108969403,0
36047020600,Brooklyn,Census Tract 206,2488,0.17094240919567266,14554.609424932469,0,2488.0,706.415253814755,-0.1141149935207559,0
36047020700,Brooklyn,Census Tract 207,4681,0.1378928389943332,33946.65041447416,0,4681.0,687.180164836571,0.1371631329060008,0
36005026300,Bronx,Census Tract 263,6767,0.15877210865080163,42620.835973672976,1,3383.5,410.10854196898833,-0.1447981514901712,0
36005029700,Bronx,Census Tract 297,4171,0.23272579620725478,17922.37933213687,0,4171.0,922.9886252769436,0.15524365706618207,0
36005020601,Bronx,Census Tract 206.01,2547,0.15154782753639437,16806.575464688434,0,2547.0,952.7571232715476,0.060796723251176625,0
36005042000,Bronx,Census Tract 420,4665,0.15049465626975067,30997.778363893056,1,2332.5,708.3416124209231,-0.0033594706693788243,0
36005015800,Bronx,Census Tract 158,1625,0.16217354917958526,10020.129720417799,1,812.5,735.6388579355754,-0.3806187658586991,0
36005007400,Bronx,Census Tract 74,3281,0.18715955754220867,17530.49666865162,0,3281.0,878.0027241343854,0.07864985177789856,0
36005028800,Bronx,Census Tract 288,2678,0.3361856044112417,7965.837813579059,0,2678.0,1984.515796983849,0.310432480714102,0
36005022902,Bronx,Census Tract 229.02,3239,0.09159883799546854,35360.71058194248,0,3239.0,816.1287682436854,0.15381776334678274,0
36005013300,Bronx,Census Tract 133,5838,0.16116751765974538,36223.179985467694,0,5838.0,862.358134257117,0.3037718151088964,0
36005017100,Bronx,Census Tract 171,0,0.17458614017365887,0.0,2,0.0,441.33920849204503,-3.4775011885367753,0
36005045101,Bronx,Census Tract 451.01,1602,0.17599948212417205,9102.299510573268,0,1602.0,1481.9692966560772,0.08481572450907243,0
36005008300,Bronx,Census Tract 83,6588,0.21392962001918314,30795.17459718412,1,3294.0,657.0670550114912,0.02840655452286613,0
36005040400,Bronx,Census Tract 404,3499,0.21528622304738157,16252.781764070047,0,3499.0,1861.2879540622782,0.4484433358800947,1
36005046000,Bronx,Census Tract 460,2489,0.2878103966464326,8648.054514367215,0,2489.0,926.1017737698035,-0.06540592189727858,0
36005025200,Bronx,Census Tract 252,2586,0.1907122878167681,13559.69261133592,1,1293.0,642.451577940829,-0.30433245186748986,0
36005023501,Bronx,Census Tract 235.01,3322,0.0681978211148527,48711.233668380446,0,3322.0,1158.6421003000057,0.3828948574440835,0
36005036501,Bronx,Census Tract 365.01,4721,0.09582436168789481,49267.220953441414,0,4721.0,812.7122686174172,0.281578779883247,0
36005021601,Bronx,Census Tract 216.01,4865,0.16404482675273221,29656.528013121097,1,2432.5,660.8141596113325,-0.036137970687073556,0
36005040304,Bronx,Census Tract 403.04,3586,0.06735381071133283,53241.23404641493,0,3586.0,967.6256049511746,0.3242668982521233,0
36005022800,Bronx,Census Tract 228,5623,0.17219294710507732,32655.228303681197,1,2811.5,535.4749370078143,-0.0945048840029344,0
36005003800,Bronx,Census Tract 38,1215,0.06339616184220996,19165.198092339997,0,1215.0,587.9094485448727,-0.3043931821564651,0
36005020400,Bronx,Census Tract 204,2966,0.13427769086600538,22088.553808687007,0,2966.0,893.9209105308444,0.10452079879488672,0
36005003300,Bronx,Census Tract 33,3407,0.15238296242128177,22358.14257620824,0,3407.0,727.3846372470219,0.03326573206362288,0
36005037100,Bronx,Census Tract 371,3948,0.19817642663055796,19921.642887223374,0,3948.0,1246.3502922676869,0.3087836685097712,0
36005013100,Bronx,Census Tract 131,5210,0.23096438286898988,22557.59063489574,2,1736.6666666666667,345.68128261581614,-0.4663392349928903,0
36047020800,Brooklyn,Census Tract 208,2761,0.14330940005921985,19266.007664947796,0,2761.0,1306.4392747137704,0.2542607930913528,0
36047021000,Brooklyn,Census Tract 210,3899,0.15002204439991965,25989.51384508721,0,3899.0,1171.4297185275307,0.3188780835268099,0
36047021400,Brooklyn,Census Tract 214,2510,0.16796417893286267,14943.662487721727,0,2510.0,1996.0648820466977,0.4020954776206617,0
36047021800,Brooklyn,Census Tract 218,3001,0.15782119310169354,19015.190171995964,0,3001.0,1209.914809672037,0.23127223323056745,0
36047021900,Brooklyn,Census Tract 219,4285,0.1470425122153201,29141.23225618797,0,4285.0,2216.8442825874945,0.6698410836707791,1
36081019400,Queens,Census Tract 194,2942,0.3058935662461308,9617.724348058964,0,2942.0,1595.6622522647035,0.2527979309084583,0
36081020500,Queens,Census Tract 205,1419,0.5876210090408973,2414.8217612506096,1,709.5,1013.964136480161,-0.48085913671644914,0
36081095400,Queens,Census Tract 954,6676,1.3684576705278797,4878.484840108169,1,3338.0,2008.5173930770216,0.28142310305829327,0
36081127700,Queens,Census Tract 1277,2973,1.069109187486682,2780.819802876341,0,2973.0,1815.7925294699855,0.1174508069897577,0
36081042400,Queens,Census Tract 424,2696,0.5164350584219967,5220.404687934657,0,2696.0,1775.5432272015314,0.18867801749186017,0
36081062200,Queens,Census Tract 622,2088,0.43726919851121376,4775.090509711384,0,2088.0,2581.5275599067995,0.30652274129274587,0
36081079702,Queens,Census Tract 797.02,3313,0.2854486409699656,11606.291025742134,0,3313.0,1228.6357853239283,0.17882804375336905,0
36081990100,Queens,Census Tract 9901,0,130.80213154041607,0.0,0,0.0,19831.42311984046,-1.6080599524699595,0
36081030600,Queens,Census Tract 306,5436,1.353382982393025,4016.6014134359607,0,5436.0,2774.753033724567,0.5072376240062543,1
36081015802,Queens,Census Tract 158.02,5263,0.2784023411765739,18904.295049235934,0,5263.0,1458.8847446018158,0.43570705278292793,1
36081018102,Queens,Census Tract 181.02,3679,0.09655487070019628,38102.68682792116,0,3679.0,1087.6382110906836,0.33266703642782086,0
36081012500,Queens,Census Tract 125,1463,0.16304735399077563,8972.853371682248,1,731.5,609.9905887007511,-0.5116203287813468,0
36081065703,Queens,Census Tract 657.03,3083,0.2684479173321929,11484.53685407035,0,3083.0,1734.19719696231,0.33188603964037106,0
36081008500,Queens,Census Tract 85,1554,0.2730388086798258,5691.498609716948,0,1554.0,523.6372455010986,-0.5081627397436776,0
36081026901,Queens,Census Tract 269.01,4714,0.11421191607531683,41274.152137429875,0,4714.0,1448.9217650164137,0.5365652048981936,1
36081074900,Queens,Census Tract 749,1516,0.3590614969454481,4222.117973931147,0,1516.0,1258.2951058832123,-0.13110539367539284,0
36081099802,Queens,Census Tract 998.02,5492,1.1240335051091792,4885.975351301075,1,2746.0,1459.7920096905013,0.085471587063373,0
36081035700,Queens,Census Tract 357,4475,0.6185179432991252,7235.036668670771,2,1491.6666666666667,913.8891411157435,-0.20420498021934155,0
36081006502,Queens,Census Tract 65.02,3853,0.15336351051286357,25123.31640763286,0,3853.0,1929.6665294095537,0.5561795254352696,1
36081029400,Queens,Census Tract 294,8246,1.0644987924973373,7746.368580329438,1,4123.0,2111.0120249019587,0.42342379576392747,1
36081061301,Queens,Census Tract 613.01,5096,0.7126969567877198,7150.3041390393755,1,2548.0,1186.8592534795966,0.030357216079659768,0
36081072300,Queens,Census Tract 723,2338,0.47004986397030607,4973.9403820946445,0,2338.0,2474.065165261593,0.3150755199146957,0
36081086900,Queens,Census Tract 869,1832,0.6135741097714325,2985.784391525994,0,1832.0,2356.7103357514056,0.15930107429985144,0
36081015801,Queens,Census Tract 158.01,3628,0.29560606667725337,12273.0904706401,0,3628.0,2432.958322183651,0.541866032167904,1
36047101800,Brooklyn,Census Tract 1018,1667,0.2837650350530697,5874.57859171493,0,1667.0,2125.6689238352265,0.19914250735291028,0
36047102000,Brooklyn,Census Tract 1020,2137,0.15704074968520462,13607.933000088922,0,2137.0,1250.1021564644343,0.12455485395346196,0
36047102600,Brooklyn,Census Tract 1026,2957,0.13591918987848112,21755.57404840121,0,2957.0,726.5531243098337,-0.00033216084859274037,0
36081018501,Queens,Census Tract 185.01,3714,0.09851791528794004,37698.72707055389,0,3714.0,809.6646869039402,0.1879241609069919,0
36047107800,Brooklyn,Census Tract 1078,4067,0.5065274131748554,8029.180443578588,1,2033.5,955.0514767985901,-0.10313530751828587,0
36047109800,Brooklyn,Census Tract 1098,2515,0.8543813394885287,2943.6504330789726,0,2515.0,1775.8095789888093,0.08193750280144001,0
36047112200,Brooklyn,Census Tract 1122,3101,0.16228255154959131,19108.64705040318,0,3101.0,526.2963177630285,-0.16998959628713659,0
36047112400,Brooklyn,Census Tract 1124,3290,0.17784800450973756,18498.942448465117,2,1096.6666666666667,376.3757847891333,-0.5495730621021492,0
36047112600,Brooklyn,Census Tract 1126,4607,0.16849895145567537,27341.416431377012,0,4607.0,1223.276419176991,0.3820664505078127,0
36047112800,Brooklyn,Census Tract 1128,4183,0.1841917502578155,22710.029054748666,0,4183.0,1800.9818739146313,0.5225129405758345,1
36047113000,Brooklyn,Census Tract 1130,4303,0.1938317841136418,22199.66152443394,0,4303.0,2580.3192949190284,0.7012215536174661,1
36047113200,Brooklyn,Census Tract 1132,2552,0.19619163417932206,13007.69021408647,0,2552.0,2119.3891641349946,0.41242973485968654,0
36047114201,Brooklyn,Census Tract 1142.01,1478,0.3009138005767075,4911.7056019610345,1,739.0,1554.0371911234568,-0.14794181269669712,0
36047114600,Brooklyn,Census Tract 1146,3052,0.16010167062157576,19062.886652906065,0,3052.0,1448.6459091663698,0.32353634386599955,0
36047115200,Brooklyn,Census Tract 1152,2877,0.16613514439518315,17317.226950828197,0,2877.0,2140.6691645955616,0.48789753854496515,1
36047115600,Brooklyn,Census Tract 1156,4106,0.1598616929610053,25684.702344554596,0,4106.0,1613.9528433144535,0.48483030535122335,1
36047116000,Brooklyn,Census Tract 1160,2566,0.15141419857231908,16946.891534577033,0,2566.0,863.2386013126543,0.015195088053716777,0
36047116400,Brooklyn,Census Tract 1164,3745,0.18156402741691405,20626.33250253142,0,3745.0,2139.0845909863274,0.5691132870390231,1
36047117000,Brooklyn,Census Tract 1170,1878,0.15380757796235317,12210.061590461233,1,939.0,521.864617442327,-0.4879006022902437,0
36047117201,Brooklyn,Census Tract 1172.01,2004,0.12915602642295043,15516.116866567663,1,1002.0,86.98401392395809,-1.3120444937327198,0
36047117202,Brooklyn,Census Tract 1172.02,4640,0.15182296814780044,30561.9107346323,0,4640.0,737.6352162595733,0.15315323264167666,0
36047117400,Brooklyn,Census Tract 1174,3716,0.21285776905645826,17457.66676251488,0,3716.0,1568.377334225468,0.388059156529405,0
36047117800,Brooklyn,Census Tract 1178,1703,0.14059676777033026,12112.653989186367,0,1703.0,937.2973126135595,-0.0815710967932927,0
36047118000,Brooklyn,Census Tract 1180,0,0.7515989002696173,0.0,1,0.0,2987.6765736656293,-2.538351159186453,0
36047118201,Brooklyn,Census Tract 1182.01,3561,0.12638567397116185,28175.661751129595,0,3561.0,3277.4876607319666,0.8191283012531501,1
36047118202,Brooklyn,Census Tract 1182.02,3119,0.12432478409518762,25087.51591808098,0,3119.0,2992.6823254063083,0.7288840100830677,1
36047118400,Brooklyn,Census Tract 1184,4880,0.20494380759448402,23811.404976216236,0,4880.0,2563.5730537853997,0.7347920307508996,1
36047118600,Brooklyn,Census Tract 1186,3740,0.1315285761605776,28434.88547640016,0,3740.0,2439.2931171123187,0.6853746896579932,1
36047118800,Brooklyn,Census Tract 1188,5288,0.17437708116372752,30325.086099101227,0,5288.0,1702.2875355807605,0.5890123733694898,1
36047119200,Brooklyn,Census Tract 1192,3649,0.22544201630180835,16185.980146287087,0,3649.0,1035.397776830753,0.16816733664286046,0
36047119400,Brooklyn,Census Tract 1194,5402,0.18284094264608178,29544.805019171472,0,5402.0,841.0014830751456,0.2427705503899229,0
36047119600,Brooklyn,Census Tract 1196,6608,0.30644861014902025,21563.158654192142,2,2202.6666666666665,1183.452671366781,0.17831695476047793,0
36047120000,Brooklyn,Census Tract 1200,2735,0.15052629787960314,18169.58258142747,1,1367.5,626.1678610617618,-0.2582229769053547,0
36047120200,Brooklyn,Census Tract 1202,2013,0.15304951077707582,13152.606563584735,0,2013.0,732.6821567697751,-0.15538217284602412,0
36047121000,Brooklyn,Census Tract 1210,4050,0.15870715179174003,25518.698774926812,1,2025.0,398.16486100535593,-0.34604829637283235,0
36081067100,Queens,Census Tract 671,2354,0.22910366930384665,10274.82452442972,0,2354.0,1399.9517100027217,0.15419023452818945,0
36081053100,Queens,Census Tract 531,3393,0.42349346201694793,8011.930063430859,0,3393.0,1887.0265408077585,0.33441349379099844,0
36081006201,Queens,Census Tract 62.01,6134,0.4029095037527733,15224.262378689991,0,6134.0,1249.3748113981608,0.3554252942871193,0
36081006501,Queens,Census Tract 65.01,3059,0.11109662881629008,27534.588876304944,0,3059.0,1170.4613626761104,0.2788189882052372,0
36081018101,Queens,Census Tract 181.01,3727,0.09614387340210817,38764.820556088365,0,3727.0,1165.0540313908982,0.3718457219222491,0
36047122000,Brooklyn,Census Tract 1220,7587,1.0903866934352295,6958.081977410593,0,7587.0,1002.0755988146756,0.1632257428578379,0
36047013000,Brooklyn,Census Tract 130,5037,0.1764324322733329,28549.172819862117,0,5037.0,1202.2129846633636,0.3985618510344319,0
36047017000,Brooklyn,Census Tract 170,3584,0.20904568801257611,17144.57750395879,0,3584.0,1085.0834689062924,0.19687499472200978,0
36047020100,Brooklyn,Census Tract 201,4133,0.175377729990077,23566.276061583463,0,4133.0,1136.7291781231722,0.3000285191954843,0
36047022200,Brooklyn,Census Tract 222,4270,0.1761843858436782,24235.97289596713,0,4270.0,1124.4405557827142,0.3058158787536123,0
36047121400,Brooklyn,Census Tract 1214,4747,0.17335271397394467,27383.476676999046,1,2373.5,826.8294966663352,0.056011498675956506,0
36047023800,Brooklyn,Census Tract 238,5200,0.16988357482267066,30609.198125409763,0,5200.0,2756.330945596859,0.8239239713385142,1
36047024700,Brooklyn,Census Tract 247,2499,0.17974012094066605,13903.406690290056,0,2499.0,1493.4209912513727,0.24699598256028032,0
36047027300,Brooklyn,Census Tract 273,4071,0.14970286247530673,27193.868792398713,0,4071.0,1013.1603276423986,0.2636485829092145,0
36047028000,Brooklyn,Census Tract 280,1686,0.19476426237363662,8656.618927170377,0,1686.0,1352.3327795168998,0.04203693209357404,0
36047032600,Brooklyn,Census Tract 326,10085,0.3291891477213339,30635.88234851892,1,5042.5,598.3367111034502,0.06761974528008448,0
36047034700,Brooklyn,Census Tract 347,3157,0.13977663217956562,22586.03566828198,0,3157.0,864.7595478721489,0.10444822126175257,0
36047041000,Brooklyn,Census Tract 410,1650,0.14287146045017182,11548.842538608036,0,1650.0,905.2609518870853,-0.11275215575200276,0
36047048600,Brooklyn,Census Tract 486,3200,0.1754360666000657,18240.263031517385,0,3200.0,2265.5502734297793,0.5456580805566863,1
36047052500,Brooklyn,Census Tract 525,3501,0.12414054299667496,28201.906609138743,1,1750.5,236.65390954919457,-0.6141778196461298,0
36047052800,Brooklyn,Census Tract 528,1826,0.17559542612752962,10398.904118799948,0,1826.0,1910.7360364021058,0.2576533007235131,0
36047053800,Brooklyn,Census Tract 538,5806,0.16445015792235615,35305.530097096394,1,2903.0,848.0329951824835,0.15027253287091388,0
36047054200,Brooklyn,Census Tract 542,4041,0.18916914704488233,21361.834438261918,0,4041.0,2373.1475119955717,0.6411752847640523,1
36047059300,Brooklyn,Census Tract 593,2603,0.18797609095005782,13847.505748438904,0,2603.0,971.5856204670624,0.043430880941430085,0
36047064600,Brooklyn,Census Tract 646,2187,0.1656347794914163,13203.748673528658,0,2187.0,1541.6243631557038,0.22730619031663032,0
36047075200,Brooklyn,Census Tract 752,1151,0.17319564193527842,6645.663754230709,0,1151.0,2158.756312965338,0.151925682213342,0
36047081800,Brooklyn,Census Tract 818,4556,0.1579194627253313,28850.148812399602,0,4556.0,955.5699800346389,0.26722224973347375,0
36047102200,Brooklyn,Census Tract 1022,2234,0.162847937453928,13718.319279493671,1,1117.0,749.6638661944914,-0.2562296086318671,0
36047113400,Brooklyn,Census Tract 1134,2702,0.1534194320778075,17611.84983809395,0,2702.0,1967.514015565174,0.43651281276356807,1
36047115800,Brooklyn,Census Tract 1158,2528,0.15498039888209955,16311.740182854746,1,1264.0,761.3410642804643,-0.19563811707261355,0
36047116600,Brooklyn,Census Tract 1166,3172,0.1593902770940982,19900.837477855486,0,3172.0,1259.528986498741,0.2695777080944157,0
36085029106,Staten Island,Census Tract 291.06,3064,0.4308373353384108,7111.732778667645,0,3064.0,3077.4039355362775,0.5348286683068536,1
36085004001,Staten Island,Census Tract 40.01,2733,0.300660005690594,9090.001823563129,0,2733.0,1590.240759048846,0.2271030042968802,0
36085005902,Staten Island,Census Tract 59.02,0,0.4501039809787324,0.0,0,0.0,1314.0682022599126,-2.941902185914627,0
36085007001,Staten Island,Census Tract 70.01,2880,0.473459991585876,6082.879337604235,0,2880.0,2502.624044633689,0.3954180642791288,0
36081099703,Queens,Census Tract 997.03,3809,0.5765970830646564,6605.99942641902,1,1904.5,658.963620118797,-0.33015810621110003,0
36081099704,Queens,Census Tract 997.04,7288,0.6759061020754401,10782.5628110494,2,2429.3333333333335,972.3333115706479,-0.010656287034823131,0
36081099705,Queens,Census Tract 997.05,2671,4.978952701371283,536.4581991840099,1,1335.5,774.9897967850139,-0.7286218583927447,0
36081099801,Queens,Census Tract 998.01,8962,0.4567116909311794,19622.882833867414,0,8962.0,2406.3029582123127,0.7951365563867533,1
36081075702,Queens,Census Tract 757.02,5447,0.3527006223626186,15443.69262382483,1,2723.5,1089.1451550623112,0.12633265551667883,0
36081079701,Queens,Census Tract 797.01,6306,0.11131175804085161,56651.69709821389,0,6306.0,1022.7638438173502,0.4755582153541868,1
36081044302,Queens,Census Tract 443.02,4803,0.2779688501736919,17278.914515057328,0,4803.0,1605.1864812762717,0.44961810506247407,1
36081129103,Queens,Census Tract 1291.03,4323,0.4585316889344052,9427.919823919568,2,1441.0,1104.8766920201365,-0.07510724904750661,0
36081129104,Queens,Census Tract 1291.04,4397,0.7082512915105086,6208.2484743831355,0,4397.0,1345.4848790730548,0.17929437749658225,0
36081071303,Queens,Census Tract 713.03,5323,0.14064591283227534,37846.81611294204,0,5323.0,480.67236083443754,0.005355252216993585,0
36081071304,Queens,Census Tract 713.04,6115,0.155082251892202,39430.688717691235,0,6115.0,1048.159742483932,0.42269359641646126,1
36081071305,Queens,Census Tract 713.05,5777,0.13499881104248104,42792.96947424307,1,2888.5,89.19173243637336,-0.9217652932062825,0
36081071701,Queens,Census Tract 717.01,4786,0.19006371236622763,25181.029773731934,0,4786.0,682.7406774622472,0.09008083947238531,0
36081071702,Queens,Census Tract 717.02,4300,0.2269788021052092,18944.500367954468,1,2150.0,709.6081284571187,-0.09869209262737182,0
36081075701,Queens,Census Tract 757.01,4819,0.19764391581333754,24382.23296765304,0,4819.0,1072.4403130236558,0.30796803263228706,0
36081093401,Queens,Census Tract 934.01,4172,1.0966903701799413,3804.173095196844,0,4172.0,2524.8658364736593,0.39860643068540264,0
36081093402,Queens,Census Tract 934.02,4094,0.8550186590371991,4788.19959860301,1,2047.0,1454.8388224790658,0.021200391886038575,0
36081038301,Queens,Census Tract 383.01,0,0.7103401829128931,0.0,0,0.0,3473.0054299114386,-2.464380814341424,0
36061021303,Manhattan,Census Tract 213.03,6381,0.15328958788625194,41627.093450958986,0,6381.0,692.6584461007384,0.23668048096941943,0
36061023100,Manhattan,Census Tract 231,6824,0.18267210971928166,37356.5510930304,1,3412.0,778.651453684422,0.150142006561013,0
36061023802,Manhattan,Census Tract 238.02,5094,0.5570604009867202,9144.430282563626,0,5094.0,1159.548370514781,0.1986877586385969,0
36061031704,Manhattan,Census Tract 317.04,10147,0.7292293071614294,13914.69034547971,1,5073.5,1297.7226650028933,0.3211626678473803,0
36005018102,Bronx,Census Tract 181.02,4903,0.09637964876373825,50871.735505272954,0,4903.0,992.421361926836,0.3925027471410368,0
36005020502,Bronx,Census Tract 205.02,2401,0.10174622927772059,23597.926105412418,0,2401.0,891.8118066359759,0.07138658010163147,0
36005022101,Bronx,Census Tract 221.01,3743,0.06811741431471996,54949.237836691485,0,3743.0,830.2340191716983,0.26284264402216934,0
36005024501,Bronx,Census Tract 245.01,5043,0.1130633270244968,44603.322162166354,0,5043.0,1040.6445091489159,0.4001909207080738,0
36005027401,Bronx,Census Tract 274.01,5111,0.7011063089402177,7289.90730054293,0,5111.0,2031.6276883720254,0.4381459437559272,1
36005029302,Bronx,Census Tract 293.02,5422,0.4252286095830067,12750.788347277465,0,5422.0,1462.030668539192,0.37899432048454434,0
36005038301,Bronx,Census Tract 383.01,4667,0.09477494772668311,49242.97097434372,1,2333.5,91.2378612944208,-0.9310895681433727,0
36005040501,Bronx,Census Tract 405.01,3560,0.08286046798186024,42963.79306932412,0,3560.0,1290.4938884248315,0.42947040713550083,1
36005032600,Bronx,Census Tract 326,3440,0.3320904219946424,10358.624555740718,0,3440.0,760.210959990286,-0.06773300243449974,0
36005005002,Bronx,Census Tract 50.02,6338,0.1138985442862189,55646.01408840713,0,6338.0,1312.9512271711849,0.596352334588449,1
36005012901,Bronx,Census Tract 129.01,5261,0.1563730432364356,33643.90620732106,0,5261.0,641.2090903769233,0.12532182294744118,0
36005015200,Bronx,Census Tract 152,2601,0.28430536336841333,9148.613902965766,0,2601.0,2052.9886423495036,0.3436290006551626,0
36005014702,Bronx,Census Tract 147.02,4985,0.11630461427322979,42861.58404935627,1,2492.5,391.07198110586324,-0.22891877714469844,0
36005017701,Bronx,Census Tract 177.01,4566,0.10662782874404976,42821.84166912243,0,4566.0,1223.6201129528426,0.45306844765066795,1
36005017702,Bronx,Census Tract 177.02,5236,0.14090431654921912,37159.96875206459,0,5236.0,692.5178951274892,0.17824371235460704,0
36005017902,Bronx,Census Tract 179.02,3571,0.07754213580446909,46052.381237017566,0,3571.0,1540.239465881403,0.52824172330293,1
36005018101,Bronx,Census Tract 181.01,3345,0.07722478202291948,43315.11093171153,0,3345.0,383.1130969075251,-0.1778799176295521,0
36005018302,Bronx,Census Tract 183.02,3301,0.1122844693180372,29398.544785834707,0,3301.0,578.9933788659997,-0.04076293152818553,0
36005020501,Bronx,Census Tract 205.01,7319,0.27013375121457067,27093.985727782772,0,7319.0,1859.3498742262102,0.6797812559991444,1
36005021001,Bronx,Census Tract 210.01,7519,0.19240365612944624,39079.29896582283,0,7519.0,1597.6022554182737,0.6700166887369075,1
36005021002,Bronx,Census Tract 210.02,7453,0.172050251954333,43318.73923659372,0,7453.0,833.332540747333,0.3652728050630359,0
36005022403,Bronx,Census Tract 224.03,2788,0.12484882828956466,22331.00653162503,0,2788.0,679.9910788554187,-0.0405010804572038,0
36005024502,Bronx,Census Tract 245.02,3975,0.10015244440778037,39689.49558350671,0,3975.0,1090.2375471800917,0.3560787334296451,0
36005026701,Bronx,Census Tract 267.01,3759,0.06912424813523468,54380.33832419981,1,1879.5,100.68405300490707,-0.9107805119071414,0
36005027402,Bronx,Census Tract 274.02,3487,1.2113079715282316,2878.7063917367523,0,3487.0,3578.7881775090796,0.4886602193961451,1
36005029301,Bronx,Census Tract 293.01,1847,1.0197908072490751,1811.1557653499087,1,923.5,1721.554338449296,-0.21421976232069648,0
36005030900,Bronx,Census Tract 309,3707,3.5207868371749096,1052.8896441156057,3,926.75,3724.9111918953267,0.07793931015394624,0
36005033202,Bronx,Census Tract 332.02,3415,0.11520261900531487,29643.423296153094,0,3415.0,988.9571100827864,0.23025399796093582,0
36005040502,Bronx,Census Tract 405.02,6100,0.1412147813693294,43196.61115394302,0,6100.0,1594.5548298712158,0.6430546876489651,1
36005020000,Bronx,Census Tract 200,4925,0.3418889718753032,14405.261371800814,1,2462.5,788.9909659769371,-0.06359496541778105,0
36005033500,Bronx,Census Tract 335,2213,0.6965535839308469,3177.0707251428116,0,2213.0,2532.8192246254753,0.24292194214176988,0
36005033700,Bronx,Census Tract 337,2852,0.4242598609301769,6722.295137105538,2,950.6666666666666,943.7016278467252,-0.29128567778330894,0
36005034800,Bronx,Census Tract 348,6198,0.43745968033564453,14168.162869877593,2,2066.0,158.80339221841336,-0.8873056126836231,0
36005036000,Bronx,Census Tract 360,2836,0.26617228869981757,10654.753031779239,1,1418.0,434.1256850033998,-0.5170593558890945,0
36005039500,Bronx,Census Tract 395,4210,0.4093954834117749,10283.454924600454,3,1052.5,666.665945968856,-0.3725109575757304,0
36005043400,Bronx,Census Tract 434,3829,0.35083965930591765,10913.817461729064,0,3829.0,1493.5177116069292,0.29399943049173466,0
36005044400,Bronx,Census Tract 444,4409,0.3650598595820426,12077.471363320712,0,4409.0,3177.5374934811966,0.7098459529022723,1
36005004200,Bronx,Census Tract 42,7976,0.4833472880041716,16501.592535947282,2,2658.6666666666665,459.87435267436985,-0.2910148668593988,0
36005005100,Bronx,Census Tract 51,6795,0.5104384702528073,13312.08440585328,0,6795.0,1058.4798503356994,0.2729233861722385,0
36005009600,Bronx,Census Tract 96,2352,0.7191875817152471,3270.3568023109215,0,2352.0,1452.8653073486073,-0.01315812214095304,0
36005020900,Bronx,Census Tract 209,5225,0.1324646878105648,39444.47449626856,0,5225.0,1197.9185503095377,0.45656756319673386,1
36005022200,Bronx,Census Tract 222,3303,0.22118419216080873,14933.255255414466,3,825.75,763.0652488072272,-0.2947609254472036,0
36005023800,Bronx,Census Tract 238,2394,0.3395411251504624,7050.692309920149,0,2394.0,1182.861572903316,0.013837304089632374,0
36005037504,Bronx,Census Tract 375.04,3831,0.23971673260509918,15981.362495504447,1,1915.5,739.4143456789917,-0.12936560937383554,0
36005045600,Bronx,Census Tract 456,3548,0.8267585789992189,4291.458341194125,0,3548.0,5062.954708717341,0.7273193870191936,1
36005005300,Bronx,Census Tract 53,4596,0.07204497612444856,63793.48356033865,0,4596.0,1515.7568424630151,0.6241243575855118,1
36061012602,Manhattan,Census Tract 126.02,4550,0.08930910925848115,50946.65077031785,0,4550.0,1367.0638594285595,0.5349489935080012,1
36061015301,Manhattan,Census Tract 153.01,4698,0.08679275636760142,54128.941130779676,0,4698.0,725.3765092297548,0.24002386779444915,0
36061012601,Manhattan,Census Tract 126.01,7288,0.09434920529439104,77244.95375726566,0,7288.0,1031.9904175193813,0.559427776312384,1
36061010801,Manhattan,Census Tract 108.01,3476,0.07080130421078877,49095.14081338524,0,3476.0,881.4856303130878,0.25905936023941095,0
36061009903,Manhattan,Census Tract 99.03,1061,0.8579913213099537,1236.6092449281412,2,353.6666666666667,1750.4388322564196,-0.46138269755630007,0
36061023804,Manhattan,Census Tract 238.04,3390,0.6615417513104078,5124.393121499823,0,3390.0,1483.9038897052942,0.14378750111220115,0
36061023803,Manhattan,Census Tract 238.03,3514,0.20957523577855358,16767.24822446602,1,1757.0,340.80332796181483,-0.5190026244725711,0
36061015102,Manhattan,Census Tract 151.02,8963,0.534221655788118,16777.680018937474,0,8963.0,1562.5721538426785,0.5576573261201593,1
36061015502,Manhattan,Census Tract 155.02,5475,0.3273552805323768,16724.947864277692,1,2737.5,942.5129596426488,0.06926702182563389,0
36061015401,Manhattan,Census Tract 154.01,4986,0.07096329314453895,70261.67725678191,0,4986.0,1711.3743043523175,0.7158503374277411,1
36061004002,Manhattan,Census Tract 40.02,6250,0.08659039199789846,72178.90871947649,0,6250.0,861.2097589176785,0.42856796177817413,1
36061002902,Manhattan,Census Tract 29.02,3832,0.1238292590171534,30945.83647205039,2,1277.3333333333333,369.2762236005258,-0.44478479480036626,0
36061013603,Manhattan,Census Tract 136.03,4426,0.05382296701223102,82232.55323316182,0,4426.0,805.923898167707,0.34740712461880713,0
36061013201,Manhattan,Census Tract 132.01,2316,0.17096967425063517,13546.261991496986,0,2316.0,304.3643118592261,-0.5531859823556696,0
36061013202,Manhattan,Census Tract 132.02,3649,0.06894714941130554,52924.59559468979,1,1824.5,308.41820666604127,-0.37414174841687114,0
36061013601,Manhattan,Census Tract 136.01,1711,0.1485724265971635,11516.2687935304,0,1711.0,735.4833086293528,-0.20785118930040647,0
36061013601,Manhattan,Census Tract 136.01,1711,0.1485724265971635,11516.2687935304,0,1711.0,735.4833086293528,-0.20785118930040647,0
36061013501,Manhattan,Census Tract 135.01,5154,0.37633619747432817,13695.201350785772,1,2577.0,742.3180711267407,-0.09253878425415978,0
36061015101,Manhattan,Census Tract 151.01,2860,0.10961072674282776,26092.336808515327,0,2860.0,595.9486937563773,-0.07488646506386394,0
36061012901,Manhattan,Census Tract 129.01,7091,0.4255619318389797,16662.674617905035,2,2363.6666666666665,257.7751518228942,-0.5969116980996446,0
36061009901,Manhattan,Census Tract 99.01,1884,0.9650247461086424,1952.2815426205655,3,471.0,623.8987697405034,-0.8363376185224425,0
36061013502,Manhattan,Census Tract 135.02,5828,0.4794748958653506,12154.963795302974,1,2914.0,201.88932737281326,-0.7253275865115625,0
36061009902,Manhattan,Census Tract 99.02,3890,0.39135529354680687,9939.817000417674,0,3890.0,1421.6849883576938,0.2578376720030317,0
36061012902,Manhattan,Census Tract 129.02,2647,0.40794374580285697,6488.63973828193,0,2647.0,1225.9816001249872,0.03825835845323338,0
36061007001,Manhattan,Census Tract 70.01,4195,0.08972732477194434,46752.75910278426,0,4195.0,1078.2646069390883,0.3880660033679079,0
36061015302,Manhattan,Census Tract 153.02,5570,0.08731314822491612,63793.37033698341,0,5570.0,805.6279200616921,0.35253934011907057,0
36061002901,Manhattan,Census Tract 29.01,789,0.1450559979826467,5439.2786990744735,0,789.0,734.3256187125803,-0.4863665833588429,0
36061007002,Manhattan,Census Tract 70.02,3676,0.08760318720109529,41961.943594148586,0,3676.0,494.48395115186156,-0.038809282733629345,0
36061012102,Manhattan,Census Tract 121.02,4850,0.0891114341402902,54426.236619248346,1,2425.0,338.0524503724413,-0.267192499403682,0
36061015501,Manhattan,Census Tract 155.01,5057,0.08608963706798918,58741.100232612676,1,2528.5,444.42592189681676,-0.11225604119440612,0
36085014604,Staten Island,Census Tract 146.04,6718,1.1290169444612637,5950.309278312601,1,3359.0,2554.9679922017635,0.4330951767953641,1
36085024800,Staten Island,Census Tract 248,4801,2.3527516909651833,2040.5893313928327,0,4801.0,2296.3774052807494,0.2795091521978857,0
36085025100,Staten Island,Census Tract 251,6519,1.1717049110105877,5563.687528097331,1,3259.5,1841.986457240023,0.2553764391360471,0
36085027301,Staten Island,Census Tract 273.01,4464,3.0310880928732185,1472.738456693451,1,2232.0,2476.997148713056,0.10922012516146973,0
36085027702,Staten Island,Census Tract 277.02,6245,1.4551430798439793,4291.674191014667,0,6245.0,4007.077211946772,0.7265882708597676,1
36085027900,Staten Island,Census Tract 279,2106,5.42104408741562,388.4860491890955,3,526.5,967.7467970487213,-0.8595492844788502,0
36085029102,Staten Island,Census Tract 291.02,3507,11.132832597247353,315.0141681702034,1,1753.5,6922.187989825402,0.3161354086618096,0
36085030301,Staten Island,Census Tract 303.01,5749,0.7193183736802555,7992.288547540272,1,2874.5,2071.5344148931486,0.3463554848895221,0
36085031901,Staten Island,Census Tract 319.01,3888,0.38804994571176665,10019.32880796717,1,1944.0,548.6398851521209,-0.34846887625673445,0
36085032300,Staten Island,Census Tract 323,1078,4.3666098420363495,246.87344163940222,1,539.0,3535.654871080049,-0.2914668907670689,0
36085001800,Staten Island,Census Tract 18,465,2.361784371708901,196.8850355562066,0,465.0,3250.1165359727615,-0.3991091330313609,0
36085014100,Staten Island,Census Tract 141,2752,0.3113592757817133,8838.663929605755,0,2752.0,1903.9843923991723,0.3124238202751705,0
36085024402,Staten Island,Census Tract 244.02,4909,3.8886456715906688,1262.3932377958083,1,2454.5,3706.5395883370356,0.30152806169642016,0
36085027705,Staten Island,Census Tract 277.05,6094,0.531533335774874,11464.9441339669,0,6094.0,4390.006230295297,0.9256393387006826,1
36085012806,Staten Island,Census Tract 128.06,5308,1.899656015635508,2794.1900829999845,2,1769.3333333333333,1756.4584980815362,-0.002900308935770273,0
36085017702,Staten Island,Census Tract 177.02,2338,0.5869435386345982,3983.347368366759,0,2338.0,3027.457508866837,0.37830179245887,0
36085017701,Staten Island,Census Tract 177.01,3791,2.9378921592902727,1290.3809243004407,1,1895.5,4247.921304180684,0.31988585807127834,0
36085020805,Staten Island,Census Tract 208.05,6058,1.134921794287463,5337.812729028954,0,6058.0,2991.5816277484405,0.6121491408964425,1
36085018704,Staten Island,Census Tract 187.04,4379,0.5387987411968687,8127.338958277153,0,4379.0,1975.438324382732,0.4107541512840638,0
36085022602,Staten Island,Census Tract 226.02,1457,8.39057602739996,173.64719600204725,2,485.6666666666667,3089.9608086416665,-0.4354086558331776,0
36085007002,Staten Island,Census Tract 70.02,6099,3.032907297774345,2010.9417800127496,4,1219.8,2209.807927444409,-0.0184394095912457,0
36085020806,Staten Island,Census Tract 208.06,2827,1.4697919935767758,1923.4014148630815,2,942.3333333333334,574.5121193093811,-0.7393210971655876,0
36085017015,Staten Island,Census Tract 170.15,2897,0.4576294416095218,6330.449347426171,0,2897.0,5136.109637336116,0.7563846054565384,1
36061001501,Manhattan,Census Tract 15.01,7777,0.43689742170133417,17800.51704062563,0,7777.0,862.6110386810599,0.24677044237893772,0
36061001600,Manhattan,Census Tract 16,7040,0.20738189580871255,33947.03270768458,1,3520.0,364.4318546625609,-0.23156206236358623,0
36061001800,Manhattan,Census Tract 18,6702,0.2229642354756157,30058.63243359924,2,2234.0,255.37237259103176,-0.517330780638854,0
36061002000,Manhattan,Census Tract 20,4793,0.2641597757389739,18144.32188470716,0,4793.0,954.8691222451088,0.20198909082092031,0
36061002201,Manhattan,Census Tract 22.01,6437,0.16166573132995848,39816.725208523836,1,3218.5,713.9522659515083,0.10609518114422112,0
36061002202,Manhattan,Census Tract 22.02,2407,0.056107633182584576,42899.68874942877,0,2407.0,716.7704874429143,0.061430766926023096,0
36061002400,Manhattan,Census Tract 24,4019,0.6525945860385542,6158.494241266298,2,1339.6666666666667,940.5199272233683,-0.2378906240937959,0
36061002601,Manhattan,Census Tract 26.01,4329,0.10604515441180944,40822.2329818958,0,4329.0,1028.603294285293,0.3492896196414123,0
36061002602,Manhattan,Census Tract 26.02,3431,0.10368988954539485,33089.05058190777,0,3431.0,1171.0883828019118,0.33202608155056557,0
36061002700,Manhattan,Census Tract 27,1191,0.059281863863956966,20090.461439153925,0,1191.0,709.020847280326,-0.2088493553610855,0
36061002800,Manhattan,Census Tract 28,6234,0.18362237861849579,33950.110258358596,0,6234.0,1012.8633920361796,0.38552460373542496,0
36061003001,Manhattan,Census Tract 30.01,4073,0.12414931003213012,32807.27052728605,0,4073.0,1072.0900264008005,0.3219083886328848,0
36061003100,Manhattan,Census Tract 31,2770,0.2049677154143775,13514.323435766304,0,2770.0,1042.9136459064382,0.08683517381167256,0
36061003300,Manhattan,Census Tract 33,5574,0.3416746125079239,16313.766946529371,0,5574.0,1566.0294020014992,0.4582481363943221,1
36061003601,Manhattan,Census Tract 36.01,2935,0.0998100186520658,29405.865659952495,1,1467.5,46.05707329401163,-1.4390882019363076,0
36061003800,Manhattan,Census Tract 38,7393,0.20236747485807763,36532.55052564542,1,3696.5,598.4093367227421,0.03347048294183944,0
36061003900,Manhattan,Census Tract 39,6180,0.797459063287198,7749.614098716847,2,2060.0,877.2477539260286,-0.14798644372538164,0
36061004200,Manhattan,Census Tract 42,5302,0.08556545103540002,61964.261694903755,0,5302.0,1143.1633782851923,0.509702864714909,1
36061004300,Manhattan,Census Tract 43,3590,0.14923703546120992,24055.69092755881,1,1795.0,306.4233750491314,-0.5083302138323477,0
36061008602,Manhattan,Census Tract 86.02,0,0.423502486774623,0.0,0,0.0,1335.493604385454,-2.933957941801888,0
36061004500,Manhattan,Census Tract 45,1047,0.10494650588592642,9976.511282215115,0,1047.0,1659.5135525347698,0.06939065752510566,0
36061004700,Manhattan,Census Tract 47,2619,0.16541989346683922,15832.43674694432,0,2619.0,1174.190863766069,0.15938402703985435,0
36061004900,Manhattan,Census Tract 49,4568,0.20731564062102914,22034.034606922192,1,2284.0,597.0402471795992,-0.14679005964954736,0
36061005400,Manhattan,Census Tract 54,4721,0.16795722190112902,28108.347748089687,1,2360.5,612.2612970064285,-0.08834488792256752,0
36061005501,Manhattan,Census Tract 55.01,5581,0.12444512195602701,44847.07726809943,0,5581.0,1170.574706903583,0.47933305641136387,1
36061005600,Manhattan,Census Tract 56,4071,0.17442143615282218,23340.02109943142,1,2035.5,232.42358971033642,-0.6231961014187662,0
36061005700,Manhattan,Census Tract 57,2865,0.10804568475075377,26516.561088109655,0,2865.0,1300.8363420930227,0.3113561882656052,0
36061005800,Manhattan,Census Tract 58,4412,0.1746666830969485,25259.539608656367,0,4412.0,999.0522029189891,0.26105863149268,0
36061006000,Manhattan,Census Tract 60,5279,0.41975440484697885,12576.401674508825,0,5279.0,3105.854822869549,0.7415669972414474,1
36061006100,Manhattan,Census Tract 61,4970,0.14217751722908298,34956.300383218164,0,4970.0,1204.305301811123,0.429506272545997,1
36061006200,Manhattan,Census Tract 62,4303,1.1557770710447435,3723.0363084728633,0,4303.0,2347.232205439762,0.3655142764555597,0
36061006400,Manhattan,Census Tract 64,7939,0.17919101365755188,44304.677103797476,2,2646.3333333333335,448.78381422787464,-0.14395659495841642,0
36061006500,Manhattan,Census Tract 65,5227,0.20112411323344762,25988.927513295966,1,2613.5,454.2970177834781,-0.22689028486346338,0
36061006700,Manhattan,Census Tract 67,4928,0.1684812454122328,29249.54636904765,2,1642.6666666666667,372.9587361518671,-0.3982643400725094,0
36061006800,Manhattan,Census Tract 68,7144,0.17444099477098537,40953.676109099186,0,7144.0,1021.940015539151,0.4478089941331039,1
36061006900,Manhattan,Census Tract 69,2570,0.5048598415010439,5090.52174234913,1,1285.0,866.0059474062609,-0.31767541811029615,0
36061007100,Manhattan,Census Tract 71,5364,0.16499739974587585,32509.60323169623,1,2682.0,358.23484261925734,-0.30189378364696223,0
36061007300,Manhattan,Census Tract 73,5744,0.16529777649218477,34749.40874520218,0,5744.0,916.8026209981315,0.3238257514245276,0
36047043700,Brooklyn,Census Tract 437,5228,0.16812518736006574,31095.876127135194,1,2614.0,292.1245332566406,-0.4142569360990855,0
36061007500,Manhattan,Census Tract 75,3814,0.45823139777051924,8323.305689127043,1,1907.0,806.241183107486,-0.19344671208339012,0
36061007600,Manhattan,Census Tract 76,2455,0.17427458369152765,14086.965224633324,1,1227.5,476.93628684584206,-0.4548264183572493,0
36061007800,Manhattan,Census Tract 78,8412,0.1774703523549635,47399.46638058688,1,4206.0,625.6906030873623,0.12361112263589887,0
36061007900,Manhattan,Census Tract 79,4514,0.8075035540570524,5590.068275638912,4,902.8,789.4594822394637,-0.4192075509266428,0
36061008100,Manhattan,Census Tract 81,6331,0.174304136189722,36321.5706660512,0,6331.0,1519.8134072896416,0.5989008090638889,1
36061008400,Manhattan,Census Tract 84,1660,0.173064878540897,9591.778609244077,2,553.3333333333334,663.8351292889582,-0.515607837163483,0
36061008700,Manhattan,Census Tract 87,5712,0.1654412770306736,34525.845680827086,0,5712.0,868.3800337780918,0.29500767230538466,0
36061008800,Manhattan,Census Tract 88,7096,0.1792539330951343,39586.300157966325,0,7096.0,1142.8448556453984,0.4958621688015254,1
36061009000,Manhattan,Census Tract 90,7308,0.1746923653401254,41833.539695746585,1,3654.0,576.8410330052509,0.035067631826735335,0
36061009200,Manhattan,Census Tract 92,1408,0.19702058251913862,7146.46146101627,1,704.0,862.5798611513333,-0.38612561235019166,0
36061009300,Manhattan,Census Tract 93,9699,0.17909709204557225,54154.98313915692,0,9699.0,1001.441154830203,0.5448820290330921,1
36061009400,Manhattan,Census Tract 94,77,0.15275181678282806,504.0856575177319,1,38.5,405.8765733805321,-1.7675393326961508,0
36061009600,Manhattan,Census Tract 96,474,0.1753282374921494,2703.500627052297,0,474.0,733.1464201105491,-0.7031467442205909,0
36061009800,Manhattan,Census Tract 98,8389,0.17706085835274749,47379.18972067282,2,2796.3333333333335,655.6060354361233,0.06401561672980892,0
36061010000,Manhattan,Census Tract 100,1651,0.1728936865644813,9549.220869810382,2,550.3333333333334,353.26191603029076,-0.8268693970892214,0
36061010200,Manhattan,Census Tract 102,244,0.17288991460353884,1411.30268101252,3,61.0,240.16452805870384,-1.7670034637096215,0
36061010300,Manhattan,Census Tract 103,3083,0.17446619339435007,17671.04526108059,1,1541.5,583.4071287845244,-0.2732602855036593,0
36061010400,Manhattan,Census Tract 104,960,0.17322925963280905,5541.788968185252,1,480.0,86.2860435339502,-1.6311849945120922,0
36061011401,Manhattan,Census Tract 114.01,1138,0.09850674538457226,11552.508364348307,0,1138.0,1012.0295427737279,-0.1329559258377975,0
36061011402,Manhattan,Census Tract 114.02,2283,0.09879674115118076,23108.04965223,0,2283.0,748.5477389540204,-0.02816722331715413,0
36061011500,Manhattan,Census Tract 115,3929,0.17558656515643434,22376.42724259432,0,3929.0,938.6396883030291,0.1873784233499399,0
36061011700,Manhattan,Census Tract 117,5051,0.3734753082352858,13524.321122771305,0,5051.0,690.8209369380525,0.006060188823996023,0
36061011900,Manhattan,Census Tract 119,1174,0.17758833546665273,6610.794548611848,0,1174.0,1507.3875278882476,-0.021383621564546807,0
36061012000,Manhattan,Census Tract 120,3199,0.17302274974565438,18488.898163406662,0,3199.0,1618.831127533527,0.38265110641834804,0
36061012400,Manhattan,Census Tract 124,9788,0.24667539649152198,39679.676770424914,0,9788.0,1425.2639227091524,0.669688452093992,1
36085017014,Staten Island,Census Tract 170.14,4221,0.5538798048505293,7620.786970449453,0,4221.0,3164.9698461032285,0.6245184256791968,1
36085017016,Staten Island,Census Tract 170.16,4538,0.6614334986748776,6860.856018165809,0,4538.0,2533.7570197241985,0.5128258660949682,1
36085017013,Staten Island,Census Tract 170.13,4652,0.556874966954657,8353.760316144333,0,4652.0,2099.4647862684506,0.45733861671694637,1
36085018703,Staten Island,Census Tract 187.03,4188,0.4745073478104615,8825.996097478486,0,4188.0,3263.1493578624995,0.661724866476336,1
36085020701,Staten Island,Census Tract 207.01,3707,0.5242731571819202,7070.741557561165,0,3707.0,2317.4420805579794,0.43300176153138437,1
36085020702,Staten Island,Census Tract 207.02,2635,0.8312304278932975,3169.999450908271,1,1317.5,636.5557657299663,-0.540446349260359,0
36085009701,Staten Island,Census Tract 97.01,4274,1.1319526196082603,3775.7764114536185,1,2137.0,1033.6387299080739,-0.17646572269277763,0
36085009702,Staten Island,Census Tract 97.02,42,0.4671958264646211,89.8980633406418,0,42.0,1594.2940786233598,-1.3565465727936463,0
36085005901,Staten Island,Census Tract 59.01,3075,0.9430955041000609,3260.5393479574336,2,1025.0,825.684888578482,-0.4588619246349244,0
36085029105,Staten Island,Census Tract 291.05,3981,1.6085020269205141,2474.973567563136,0,3981.0,3760.4537317360346,0.5152871990003325,1
36085004004,Staten Island,Census Tract 40.04,3664,0.35923372496589,10199.487813533944,1,1832.0,724.7672288400709,-0.2209250447985686,0
36085022601,Staten Island,Census Tract 226.01,7221,1.7483729286472327,4130.1257195666485,0,7221.0,3244.180035905457,0.6459182782638092,1
36085004003,Staten Island,Census Tract 40.03,3507,0.19548243759262363,17940.230555690257,0,3507.0,1200.696245739858,0.24956119557237785,0
36085004002,Staten Island,Census Tract 40.02,2488,0.3373759775719083,7374.561810553651,0,2488.0,1660.5386359889303,0.19551298273507325,0
36061012700,Manhattan,Census Tract 127,6786,0.1740224398411334,38994.97102899488,1,3393.0,806.7024799084104,0.17334230861514519,0
36061012800,Manhattan,Census Tract 128,4914,0.1787919628127412,27484.456922410467,0,4914.0,1649.6209782588207,0.5428247866803658,1
36061013000,Manhattan,Census Tract 130,3272,0.1782234376989035,18358.97703604968,0,3272.0,666.9139707539528,-0.04942500411394637,0
36061013300,Manhattan,Census Tract 133,6510,0.1743528953515616,37338.06649366717,1,3255.0,885.9429391034164,0.20392738034689883,0
36061013400,Manhattan,Census Tract 134,10647,0.1817670178314082,58574.983113136965,1,5323.5,717.3365443679007,0.2725874777114818,0
36061013700,Manhattan,Census Tract 137,6352,0.2263521639026341,28062.466426132014,0,6352.0,1441.3018620435835,0.5317278379483369,1
36061013700,Manhattan,Census Tract 137,6352,0.2263521639026341,28062.466426132014,0,6352.0,1441.3018620435835,0.5317278379483369,1
36061014000,Manhattan,Census Tract 140,7932,0.17910908635034734,44285.860430802306,0,7932.0,964.6984335262252,0.4533095956909879,1
36061014300,Manhattan,Census Tract 143,0,3.5592237202847765,0.0,42,0.0,1220.678967099378,-2.9781124633811005,0
36061014300,Manhattan,Census Tract 143,0,3.5592237202847765,0.0,42,0.0,1220.678967099378,-2.9781124633811005,0
36061014401,Manhattan,Census Tract 144.01,4718,0.07431935421832345,63482.79058157877,0,4718.0,932.3048001803226,0.38991993218546944,0
36061014401,Manhattan,Census Tract 144.01,4718,0.07431935421832345,63482.79058157877,0,4718.0,932.3048001803226,0.38991993218546944,0
36061014500,Manhattan,Census Tract 145,6857,0.1771353112624185,38710.51994732797,0,6857.0,618.8921562608585,0.184178745547296,0
36061014601,Manhattan,Census Tract 146.01,3621,0.07434204055224432,48707.29903432393,0,3621.0,1735.9618493762177,0.5988964829723799,1
36061014801,Manhattan,Census Tract 148.01,2858,0.05197835177158413,54984.429143873516,0,2858.0,1720.547254729145,0.5663564388544391,1
36061014801,Manhattan,Census Tract 148.01,2858,0.05197835177158413,54984.429143873516,0,2858.0,1720.547254729145,0.5663564388544391,1
36061014802,Manhattan,Census Tract 148.02,6377,0.12562059067915832,50763.970822961644,0,6377.0,1853.4297762551194,0.7520831710251009,1
36061014900,Manhattan,Census Tract 149,5873,0.1740515745958429,33742.87198284429,5,978.8333333333334,415.33886613347585,-0.42686039731505593,0
36061015700,Manhattan,Census Tract 157,10613,0.18238789387023505,58189.16910982543,0,10613.0,1474.375777840442,0.7646927369037626,1
36061015801,Manhattan,Census Tract 158.01,5384,0.12575168400804243,42814.53598391308,2,1794.6666666666667,527.9636109165567,-0.14821560083588942,0
36061015900,Manhattan,Census Tract 159,9202,0.28700099665635265,32062.606427176383,0,9202.0,404.2366581825583,0.0041275076305707925,0
36061016001,Manhattan,Census Tract 160.01,3029,0.1256137405932939,24113.604018903872,0,3029.0,981.0093847818338,0.16862362477857018,0
36061016100,Manhattan,Census Tract 161,6177,0.15573405694746295,39663.77118194396,1,3088.5,827.3502336305363,0.16951351362669476,0
36061016200,Manhattan,Census Tract 162,8862,1.1045597412006667,8023.1061023163165,1,4431.0,1414.5377897369467,0.24696827201479876,0
36061016600,Manhattan,Census Tract 166,6011,0.17421819657930468,34502.71049765903,0,6011.0,867.9684899890555,0.3049730023434199,0
36061016700,Manhattan,Census Tract 167,7504,0.33982626645921765,22081.871652203645,1,3752.0,546.5950042357499,-0.08950736348617805,0
36061016800,Manhattan,Census Tract 168,4755,0.19927411005468104,23861.60449390652,0,4755.0,931.2115268398286,0.2324282892855183,0
36061017000,Manhattan,Census Tract 170,8746,0.1829141440428967,47814.782425731406,1,4373.0,805.0565007730867,0.25661794365312524,0
36061017100,Manhattan,Census Tract 171,8327,0.41307598934015455,20158.518565316535,1,4163.5,643.7700435223716,-0.0029457964021288863,0
36061017300,Manhattan,Census Tract 173,8764,0.17859958007003496,49070.66408870244,0,8764.0,1033.066764380012,0.5237031087938661,1
36061017402,Manhattan,Census Tract 174.02,2529,0.05073024631728456,49851.916432314494,0,2529.0,1204.9217445500553,0.3507950341774622,0
36061017500,Manhattan,Census Tract 175,10151,0.40951579007032135,24787.810985888696,0,10151.0,961.411226849256,0.4074676550452055,0
36061017700,Manhattan,Census Tract 177,9586,0.1745562514236598,54916.39469694002,1,4793.0,253.5244059088938,-0.26908901799198903,0
36061017800,Manhattan,Census Tract 178,4050,0.45865249879811565,8830.21461915698,1,2025.0,714.5177048946348,-0.23103899436093578,0
36061018100,Manhattan,Census Tract 181,8339,0.1384348630655619,60237.716246742704,0,8339.0,1020.6628593688828,0.5409403672355154,1
36061018200,Manhattan,Census Tract 182,7175,0.17689682857714215,40560.3653706606,0,7175.0,1558.119851784003,0.6542883953688425,1
36061018300,Manhattan,Census Tract 183,8493,0.41157166230137876,20635.53149531682,1,4246.5,458.04545450407363,-0.16217896674501306,0
36061018400,Manhattan,Census Tract 184,7818,0.1765783815487715,44274.95558305728,0,7818.0,1472.5120966225907,0.6580596132736743,1
36061018500,Manhattan,Census Tract 185,4950,0.13039277328954899,37962.22654922812,2,1650.0,610.1109529626575,-0.11370683302916967,0
36061018600,Manhattan,Census Tract 186,6009,0.12173825962622484,49359.99593266357,1,3004.5,478.15430831389403,-0.06972339690211073,0
36061018800,Manhattan,Census Tract 188,5071,0.1485284210176449,34141.61387602427,1,2535.5,543.022838597922,-0.1012954268982708,0
36061019200,Manhattan,Census Tract 192,4365,0.3654936867425319,11942.750745992713,0,4365.0,1574.861818904101,0.3611079585296644,0
36061019300,Manhattan,Census Tract 193,9652,0.175712121375383,54930.757903604885,1,4826.0,341.76638145195074,-0.12134350466898187,0
36061019400,Manhattan,Census Tract 194,6487,0.17505414560080243,37057.10583280391,0,6487.0,937.6752174324959,0.3698673304310564,0
36061019500,Manhattan,Census Tract 195,7457,0.3882669007399785,19205.86067416016,0,7457.0,645.4098801430357,0.10818784903185157,0
36061019600,Manhattan,Census Tract 196,4067,0.1771857577954832,22953.312109285544,0,4067.0,1034.9978242140949,0.24646311331061455,0
36061019701,Manhattan,Census Tract 197.01,999,0.23597232343283658,4233.547330750165,3,249.75,697.4115283534368,-0.784124991409555,0
36061019702,Manhattan,Census Tract 197.02,2660,0.04739633923266825,56122.477876236,0,2660.0,298.32844661423394,-0.30479749747318025,0
36061020000,Manhattan,Census Tract 200,2954,0.12929115508261801,22847.657274872145,1,1477.0,444.8839223325609,-0.37326529738943376,0
36061020102,Manhattan,Census Tract 201.02,4045,0.08334900431276583,48530.87368411986,0,4045.0,711.186821375655,0.18241389385768456,0
36061020300,Manhattan,Census Tract 203,3930,0.17822188995917077,22051.16330491351,0,3930.0,1246.2360105669432,0.32426534252815337,0
36061022700,Manhattan,Census Tract 227,5694,0.15070577859734002,37782.227416862304,0,5694.0,770.193520792776,0.25005878453142877,0
36061020600,Manhattan,Census Tract 206,3411,0.1487455148357988,22931.78388447831,1,1705.5,525.7927882992975,-0.26165721700633904,0
36061020901,Manhattan,Census Tract 209.01,3382,0.11580501600606884,29204.26175514508,0,3382.0,626.171603672129,0.0015019576542218231,0
36061021000,Manhattan,Census Tract 210,6324,0.31999654910773073,19762.71312185604,1,3162.0,883.6065561287834,0.09372518283252675,0
36061021100,Manhattan,Census Tract 211,10222,0.6529135931503867,15655.976697739772,2,3407.3333333333335,466.0123977002814,-0.2429212810671321,0
36061021200,Manhattan,Census Tract 212,4905,0.17639315256864024,27807.201858877754,1,2452.5,22.232585154025692,-1.6913942156125927,0
36061021400,Manhattan,Census Tract 214,2902,0.13557472063183929,21405.170421708208,1,1451.0,664.059711117342,-0.19087546358604693,0
36061021703,Manhattan,Census Tract 217.03,211,0.3138570215480879,672.2806421830248,3,52.75,861.923584232184,-1.2891731001942788,0
36061021800,Manhattan,Census Tract 218,5931,0.18186794532005,32611.574236255135,1,2965.5,291.7785228513334,-0.3816478918971559,0
36061021900,Manhattan,Census Tract 219,5400,0.46918197666292333,11509.393515939655,1,2700.0,1534.519026072793,0.24534895863647985,0
36061022102,Manhattan,Census Tract 221.02,2365,0.09899819495059038,23889.324458697076,0,2365.0,816.0701789282797,0.02674533593728119,0
36061022302,Manhattan,Census Tract 223.02,2998,0.157285505264291,19060.879099840644,0,2998.0,2331.239763423813,0.5536603509977723,1
36061022400,Manhattan,Census Tract 224,6931,0.19468756517672825,35600.63013633338,2,2310.3333333333335,69.16087701916352,-1.1201341046820839,0
36061022600,Manhattan,Census Tract 226,5052,0.15298122155730293,33023.660999514555,0,5052.0,625.3466870078694,0.10182525142677827,0
36061022800,Manhattan,Census Tract 228,6548,0.18063087430234928,36250.724164904495,2,2182.6666666666665,699.3035366789532,0.0022851401680357014,0
36061022900,Manhattan,Census Tract 229,8471,0.3477939126921927,24356.37798956266,2,2823.6666666666665,557.7158451866901,-0.12115740896220924,0
36061023000,Manhattan,Census Tract 230,9357,0.17368458989920987,53873.51868942385,1,4678.5,777.6255577684142,0.27256291806463845,0
36047152200,Brooklyn,Census Tract 1522,3064,0.3898628359586616,7859.174349013573,1,1532.0,1200.43579862918,-0.05147855182713584,0
36005009302,Bronx,Census Tract 93.02,405,3.3405691321939286,121.23682641287387,1,202.5,1113.6928363769134,-1.1707194710304725,0
36005009301,Bronx,Census Tract 93.01,5615,0.5707623901002055,9837.718983225588,1,2807.5,889.5445281847609,-0.03998760410494149,0
36005011701,Bronx,Census Tract 117.01,1318,0.22168303133297348,5945.4257372560505,0,1318.0,638.5490595405419,-0.4369910631561887,0
36005051601,Bronx,Census Tract 516.01,4273,5.500482154293387,776.8409895966522,1,2136.5,1457.5287633031512,-0.2636655506108611,0
36005001902,Bronx,Census Tract 19.02,1979,0.46973286587270147,4213.032861397254,0,1979.0,380.9113684101208,-0.6641408338430478,0
36047150200,Brooklyn,Census Tract 1502,2807,0.3192994511976841,8791.12065326456,0,2807.0,1998.4299214541745,0.33933311792117254,0
36005002001,Bronx,Census Tract 20.01,4300,0.19939492995459754,21565.242411023766,0,4300.0,733.6698569991165,0.07865973133985764,0
36005002002,Bronx,Census Tract 20.02,3689,0.20489069103484894,18004.72232958868,1,1844.5,579.0887841420065,-0.23764133411385555,0
36005018501,Bronx,Census Tract 185.01,3154,0.18407771094116446,17134.06791009093,0,3154.0,1459.80222765811,0.31666645411909233,0
36005001903,Bronx,Census Tract 19.03,0,0.9087252694669913,0.0,0,0.0,1441.9805847548123,-2.8962734737053673,0
36005051602,Bronx,Census Tract 516.02,0,3.8494873691446445,0.0,0,0.0,5049.8526690206,-2.2804110834738207,0
36005046208,Bronx,Census Tract 462.08,5042,0.48506383890306043,10394.508094856435,0,5042.0,841.0347873447181,0.05965908034356565,0
36005046207,Bronx,Census Tract 462.07,6488,0.18816655800069243,34480.090771369294,0,6488.0,2475.1311358601442,0.8350387146012316,1
36005043101,Bronx,Census Tract 431.01,4880,0.10298766678019482,47384.31457443655,0,4880.0,721.9525713414397,0.2238232485438936,0
36005046203,Bronx,Census Tract 462.03,7120,0.9082276732926708,7839.444017585691,0,7120.0,3345.6358895141184,0.7619940107706352,1
36005046209,Bronx,Census Tract 462.09,4309,0.4771477741109498,9030.745261316133,0,4309.0,2468.9354114019466,0.534139033608597,1
36005048402,Bronx,Census Tract 484.02,0,0.18992853810237498,0.0,1,0.0,520.9820091655938,-3.396118678906278,0
36005048401,Bronx,Census Tract 484.01,4192,0.5047865475760333,8304.500229116311,0,4192.0,1681.9386063980025,0.3264088412699185,0
36005001904,Bronx,Census Tract 19.04,0,1.2202324226835517,0.0,0,0.0,4553.755144429077,-2.3312322582842646,0
36005046205,Bronx,Census Tract 462.05,3495,0.8745387945528085,3996.3921803916687,1,1747.5,674.3443285086911,-0.4175990588865726,0
36005006301,Bronx,Census Tract 63.01,6244,0.7921153160593382,7882.690655526039,6,892.0,860.8387542427703,-0.3234775377597094,0
36005030202,Bronx,Census Tract 302.02,6152,0.30899806333028806,19909.509896908727,0,6152.0,1762.1460022434683,0.5684065989738395,1
36005043102,Bronx,Census Tract 431.02,4341,0.11158792308166333,38902.059292053746,0,4341.0,1733.5176341978392,0.5984262853631592,1
36005030201,Bronx,Census Tract 302.01,3684,0.22159338999205289,16625.04463753238,0,3684.0,3255.7026400684254,0.7372613293166771,1
36005038303,Bronx,Census Tract 383.03,3621,0.07630245724029841,47455.87666458012,0,3621.0,574.5503202011423,0.05170820839865272,0
36005011702,Bronx,Census Tract 117.02,0,1.5679506685411482,0.0,0,0.0,3621.897809014404,-2.4437515748175693,0
36005018502,Bronx,Census Tract 185.02,6658,0.2275983674511026,29253.285401664445,1,3329.0,1309.0534298297898,0.36067570089639195,0
36005006302,Bronx,Census Tract 63.02,0,0.2629320941414556,0.0,3,0.0,649.5567817603373,-3.2878770624485747,0
36005046204,Bronx,Census Tract 462.04,5311,0.13670975387927664,38848.727682517434,0,5311.0,1198.9404290954567,0.457819036225388,1
36005046206,Bronx,Census Tract 462.06,4365,0.06936085451013528,62931.75063698457,0,4365.0,1755.3167951097673,0.6835910811686241,1
36005038304,Bronx,Census Tract 383.04,2080,0.06938332172948401,29978.385988921556,1,1040.0,555.3336530396756,-0.29129556119457933,0
36005001901,Bronx,Census Tract 19.01,2401,0.2050039843566862,11711.967489483048,0,2401.0,899.6489903084638,-0.03778530975688302,0
36085012805,Staten Island,Census Tract 128.05,2196,1.3512766122558928,1625.1298809456055,0,2196.0,3285.356999186567,0.2606599699041893,0
36085990100,Staten Island,Census Tract 9901,0,81.77416243290914,0.0,0,0.0,12402.206097438895,-1.8387850728799187,0
36085019800,Staten Island,Census Tract 198,7556,10.132651327189288,745.7080833053761,4,1511.2,716.2612560289405,-0.6890910033646741,0
36085014607,Staten Island,Census Tract 146.07,4857,0.6834843237460032,7106.23467321097,0,4857.0,1989.910539386068,0.41352251072006574,0
36005006100,Bronx,Census Tract 61,3835,0.24278270021469456,15796.018400852618,0,3835.0,975.033423097141,0.14476032925609086,0
36005006400,Bronx,Census Tract 64,3847,0.16718380866189358,23010.60150974328,0,3847.0,1347.4614703128188,0.36521156687733175,0
36005006700,Bronx,Census Tract 67,5892,0.21242637667440162,27736.668544843724,0,5892.0,1710.1336842902401,0.5986678762640717,1
36005006800,Bronx,Census Tract 68,2621,0.1543706678867452,16978.61411031084,1,1310.5,383.1487640664583,-0.5187594247183317,0
36005007000,Bronx,Census Tract 70,4201,0.20488834163355105,20503.850860941686,0,4201.0,1003.7721811522148,0.21968830677797588,0
36005007100,Bronx,Census Tract 71,2562,0.26425803468012893,9695.069453994738,1,1281.0,1019.8843591369479,-0.13365389137749287,0
36005007300,Bronx,Census Tract 73,4555,0.1401578165397013,32499.079341106488,0,4555.0,1292.3189322075173,0.43473272512378763,1
36005007500,Bronx,Census Tract 75,6543,0.2276194607522313,28745.345316155534,2,2181.0,425.16170273460745,-0.2796054331929991,0
36005007700,Bronx,Census Tract 77,1996,0.11281478772811294,17692.71600111876,1,998.0,331.33620876990926,-0.638295936031978,0
36005007800,Bronx,Census Tract 78,5858,0.3118761870466464,18783.094841171176,0,5858.0,1137.2213170393404,0.333953822918861,0
36005007900,Bronx,Census Tract 79,6987,0.19792987314338417,35300.38133727537,1,3493.5,557.0421919788911,-0.018647649219076672,0
36005008400,Bronx,Census Tract 84,2716,0.15678782650247852,17322.773461350745,0,2716.0,1440.4835663519311,0.2816995383728295,0
36005019700,Bronx,Census Tract 197,7478,0.14808727835522031,50497.24785988944,0,7478.0,1411.2091208593558,0.6494888236765389,1
36047114400,Brooklyn,Census Tract 1144,2637,0.42991154971754564,6133.8198560437,0,2637.0,2826.8864684782557,0.4388342647543651,1
36005019900,Bronx,Census Tract 199,7300,0.17708488137076248,41223.16904465715,1,3650.0,688.4177758099294,0.11925179714360039,0
36005020100,Bronx,Census Tract 201,3950,0.28180391769775726,14016.838489223872,0,3950.0,1794.9731259548464,0.4311355704398064,1
36047015200,Brooklyn,Census Tract 152,2545,0.2681364411278312,9491.436483960411,0,2545.0,1369.7135413736792,0.14637470898794322,0
36005021200,Bronx,Census Tract 212,5227,0.10101764476098765,51743.43563807412,0,5227.0,868.646285443784,0.3427682443492126,0
36005021301,Bronx,Census Tract 213.01,1244,0.06205433834642163,20046.946485116063,0,1244.0,1562.8410266551855,0.18773580631280615,0
36005021302,Bronx,Census Tract 213.02,5604,0.16926483298532186,33107.88130743001,0,5604.0,1161.6505952154725,0.4272473891529836,1
36005021501,Bronx,Census Tract 215.01,4612,0.09195215344161434,50156.51974837568,1,2306.0,207.33180818157976,-0.5299935045579576,0
36005021502,Bronx,Census Tract 215.02,6953,0.1557236494612877,44649.6086114941,0,6953.0,557.3445788909498,0.1587037650786767,0
36005021602,Bronx,Census Tract 216.02,6344,0.16549007621626538,38334.62492161492,1,3172.0,1043.1414724477756,0.28318621282575124,0
36005021800,Bronx,Census Tract 218,6041,0.2998841895724991,20144.443121899047,1,3020.5,730.9573944130472,-0.005536508493628967,0
36005021900,Bronx,Census Tract 219,1022,0.14293499036964497,7150.103675503109,1,511.0,604.3550214062709,-0.6253108808939989,0
36005022000,Bronx,Census Tract 220,1901,0.22860505749786633,8315.65154685059,0,1901.0,1349.2069518535252,0.05862726882980105,0
36047056100,Brooklyn,Census Tract 561,3580,0.36432844950051035,9826.298234211834,0,3580.0,897.5849361374584,0.013336341796006124,0
36005022300,Bronx,Census Tract 223,5207,0.09276346526812645,56132.01258652339,0,5207.0,746.1382957726919,0.28054199027549703,0
36005022401,Bronx,Census Tract 224.01,2528,0.08505143590408806,29723.190127569495,0,2528.0,403.18200361558564,-0.2704001741123292,0
36005022500,Bronx,Census Tract 225,9408,0.18001957206909222,52260.98413559817,0,9408.0,1219.0410872483142,0.6295289516368551,1
36005022702,Bronx,Census Tract 227.02,1277,0.04737209354891263,26956.79891540939,0,1277.0,896.2723016395997,-0.03209638394812538,0
36047092400,Brooklyn,Census Tract 924,3026,0.2516866121028733,12022.888204968032,2,1008.6666666666666,772.8350989940635,-0.2832442968651416,0
36005036901,Bronx,Census Tract 369.01,1810,0.09873237683642305,18332.385565869194,0,1810.0,782.9317427403104,-0.09050088928886618,0
36047000501,Brooklyn,Census Tract 5.01,4504,0.08372535088897512,53794.93728216889,0,4504.0,733.8329710982894,0.23619274927663916,0
36005036400,Bronx,Census Tract 364,2427,0.2036806429535348,11915.712582239177,0,2427.0,1698.1175829306726,0.27920708555689,0
36005007200,Bronx,Census Tract 72,5371,0.21304673844631078,25210.430533549465,0,5371.0,1190.4979229410217,0.3865765484591477,0
36005012101,Bronx,Census Tract 121.01,3413,0.11561338798671404,29520.802559580836,0,3413.0,1969.5382680185107,0.567861671001083,1
36005000200,Bronx,Census Tract 2,5177,1.3004971745817306,3980.785272882304,0,5177.0,4689.319462354999,0.7537933207241672,1
36047035601,Brooklyn,Census Tract 356.01,2640,0.06789088157319997,38885.92899112013,0,2640.0,1412.8018518830809,0.3974097543322137,0
36005005400,Bronx,Census Tract 54,5306,0.1965128783592196,27000.774932932345,0,5306.0,1299.3873783558645,0.4382180104970284,1
36047050801,Brooklyn,Census Tract 508.01,3718,0.07823892158954737,47521.10489846936,0,3718.0,736.8164234926988,0.179360870133401,0
36005002701,Bronx,Census Tract 27.01,2830,0.08158359023526295,34688.348377892136,1,1415.0,324.4279468567298,-0.4690942664577828,0
36005006200,Bronx,Census Tract 62,6206,0.1940034281812506,31989.125440618252,2,2068.6666666666665,760.4386759930169,0.012337390591023789,0
36005028700,Bronx,Census Tract 287,3442,0.15529777304813872,22163.87223358998,0,3442.0,1116.3060335432797,0.24423329740739433,0
36047051001,Brooklyn,Census Tract 510.01,4652,0.07694116391662481,60461.78356543986,0,4652.0,2159.0052890924826,0.7916703132213739,1
36005023100,Bronx,Census Tract 231,1570,0.11714038823928807,13402.721500230036,0,1570.0,1137.38377388222,0.013421856213186428,0
36005024100,Bronx,Census Tract 241,6284,0.13465932284365142,46665.9111845984,0,6284.0,1722.5119868053546,0.6994919289987974,1
36047051602,Brooklyn,Census Tract 516.02,3784,0.0911327969111952,41521.824505038916,0,3784.0,2191.2229854252105,0.6963641570772432,1
36047079601,Brooklyn,Census Tract 796.01,3526,0.11039863891123601,31938.799561061755,0,3526.0,963.7298455879261,0.2361058342684138,0
36047079602,Brooklyn,Census Tract 796.02,6091,0.13499492321056242,45120.21530246273,1,3045.5,342.8402370287139,-0.2446585572119908,0
36005038200,Bronx,Census Tract 382,2942,0.15716554571530864,18719.115481768316,0,2942.0,2246.282864767849,0.5286806917422854,1
36005039600,Bronx,Census Tract 396,3837,0.2232223463258257,17189.139273714725,0,3837.0,1172.578904172745,0.249159911817872,0
36005041500,Bronx,Census Tract 415,5706,0.13585595559077346,42000.367044545805,1,2853.0,751.0445252182365,0.11526021626949523,0
36005042901,Bronx,Census Tract 429.01,3128,0.10225466775334861,30590.290582578953,0,3128.0,1137.8179636615127,0.286478005623145,0
36005044901,Bronx,Census Tract 449.01,1986,0.15813244341947597,12559.092600193133,0,1986.0,935.6484898940079,-0.0455305838236592,0
36005000100,Bronx,Census Tract 1,3538,2.7121858822241656,1304.4828612921672,0,3538.0,4999.918079537151,0.5277885159796445,1
36005000400,Bronx,Census Tract 4,6481,1.466188711534512,4420.3041184357435,0,6481.0,3650.4342623842203,0.693053661986443,1
36005001600,Bronx,Census Tract 16,6011,0.48506954147534304,12392.037607056287,0,6011.0,1287.9336993185996,0.33292439661543255,0
36005008500,Bronx,Census Tract 85,5665,0.1816529081643681,31185.848094840527,1,2832.5,444.3096349497197,-0.19201439544947405,0
36005013000,Bronx,Census Tract 130,1329,0.1161409569868532,11442.991641186827,0,1329.0,1773.3787928244626,0.172350865207288,0
36005013200,Bronx,Census Tract 132,7126,1.5293334961366905,4659.54614739118,0,7126.0,3526.6935598551754,0.7038081127289176,1
36005013500,Bronx,Census Tract 135,3295,0.16739878338789785,19683.536124422117,1,1647.5,658.2584860169518,-0.18311999746856197,0
36005013800,Bronx,Census Tract 138,2957,4.22530461255299,699.8312006227967,0,2957.0,3725.2405016787393,0.24616414655360588,0
36005014300,Bronx,Census Tract 143,1685,0.12970906071345753,12990.611378509338,0,1685.0,715.2690388963395,-0.20511226335952445,0
36005014400,Bronx,Census Tract 144,6465,0.4012454108521766,16112.333811543032,0,6465.0,910.0467855167863,0.21959140265776833,0
36005014900,Bronx,Census Tract 149,4755,0.1559880615380627,30483.10205995945,1,2377.5,492.6804393709019,-0.18038151195978816,0
36005015100,Bronx,Census Tract 151,5414,0.2089290070047548,25913.1083692787,0,5414.0,919.5494376129677,0.2658170051224777,0
36005015500,Bronx,Census Tract 155,3154,0.11497867738712556,27431.173080732977,0,3154.0,1338.71807635556,0.35035886375914305,0
36005016000,Bronx,Census Tract 160,4063,3.10910136879209,1306.8084690910246,0,4063.0,5417.402964945199,0.5954375003116491,1
36005016100,Bronx,Census Tract 161,4789,0.23912208023444692,20027.426974977097,0,4789.0,1278.0055697831028,0.36096816714401303,0
36005016200,Bronx,Census Tract 162,1802,0.18064249746886016,9975.504243184168,0,1802.0,2296.3188541305735,0.3385658878186977,0
36005016300,Bronx,Census Tract 163,0,0.586013298512123,0.0,6,0.0,375.97352809697895,-3.5561043411116002,0
36005016500,Bronx,Census Tract 165,1233,0.19684098752131912,6263.939312265736,0,1233.0,1168.9334675060616,-0.14511899039812112,0
36005008900,Bronx,Census Tract 89,2993,0.11029031066556057,27137.47002740649,1,1496.5,74.97517031809974,-1.2126557102135263,0
36047093200,Brooklyn,Census Tract 932,1508,0.2804329257435577,5377.399946891374,0,1508.0,2362.54492212885,0.21649399229033195,0
36005009200,Bronx,Census Tract 92,5675,0.31046870077415173,18278.81517798549,1,2837.5,1457.7968493370456,0.3051083979436421,0
36047110400,Brooklyn,Census Tract 1104,4571,0.7425189817780515,6156.071578202873,3,1142.75,474.3805041881926,-0.6059786970966489,0
36005009800,Bronx,Census Tract 98,4647,0.5174451603413257,8980.661828849012,2,1549.0,470.35416748114267,-0.4875904206023817,0
36047016600,Brooklyn,Census Tract 166,1958,0.2669315405754881,7335.214099385451,0,1958.0,1470.7999920997725,0.08666207146373428,0
36005008600,Bronx,Census Tract 86,4117,0.18765567329226893,21939.118214602964,1,2058.5,223.74987567987606,-0.6495670945377389,0
36005008700,Bronx,Census Tract 87,6299,0.21356950082809015,29493.911703573696,1,3149.5,435.17042362216176,-0.18981712999632247,0
36005011000,Bronx,Census Tract 110,0,2.5215094682192096,0.0,3,0.0,245.51961684755904,-3.7648907939691227,0
36005011502,Bronx,Census Tract 115.02,3850,0.3463198120398132,11116.89215041905,0,3850.0,1241.7448099772555,0.20740474382637433,0
36047111600,Brooklyn,Census Tract 1116,3674,0.49969677114147365,7352.45895547286,0,3674.0,2077.736428812465,0.3838755761207276,0
36047004400,Brooklyn,Census Tract 44,2289,1.2367894154336623,1850.759693959214,1,1144.5,1548.515699542368,-0.21945266085304568,0
36047030500,Brooklyn,Census Tract 305,7181,0.32251419884417576,22265.68636585682,0,7181.0,1215.2475404433935,0.4352314708918256,1
36005002300,Bronx,Census Tract 23,4527,0.10464401461796984,43260.95492921396,1,2263.5,500.6021449710088,-0.1257753885917425,0
36005002400,Bronx,Census Tract 24,0,0.9568300847062587,0.0,2,0.0,1112.9285900337918,-3.023500690518747,0
36005002500,Bronx,Census Tract 25,5460,0.12749024158351774,42826.80722997298,0,5460.0,823.4983852727546,0.2947362072222984,0
36005002702,Bronx,Census Tract 27.02,5156,0.15545991330295397,33166.106235709754,0,5156.0,1178.4821446568683,0.4177667145563855,0
36005002800,Bronx,Census Tract 28,5420,0.43926242284635064,12338.865603115473,0,5420.0,918.9640487648729,0.1455462072327461,0
36005003500,Bronx,Census Tract 35,3529,0.14200115841396363,24851.909938031724,0,3529.0,636.0118492693794,-0.008390965799469777,0
36005003700,Bronx,Census Tract 37,285,0.1659703379351179,1717.174306841587,2,95.0,613.8596023405747,-1.1868463229655124,0
36005003900,Bronx,Census Tract 39,6346,0.21620675567742967,29351.534276144146,3,1586.5,657.1221202188327,-0.1268674034131753,0
36005004300,Bronx,Census Tract 43,5041,0.22538993435952728,22365.683784081175,1,2520.5,1044.4237295231972,0.15007992658234706,0
36005004400,Bronx,Census Tract 44,4323,0.26557464324726054,16277.909468846072,0,4323.0,1179.839124536325,0.26745824910369836,0
36005004800,Bronx,Census Tract 48,4139,0.15083110591569224,27441.289214663146,1,2069.5,173.15901609388715,-0.7376047519055363,0
36005016700,Bronx,Census Tract 167,3203,0.20583495879883182,15561.010717962541,0,3203.0,1209.4352896696207,0.21176428581745468,0
36005016900,Bronx,Census Tract 169,1759,0.09291208904275712,18931.87440000975,0,1759.0,759.283589696232,-0.10611734221703051,0
36005017300,Bronx,Census Tract 173,5257,0.1652713526684916,31808.295358631916,2,1752.3333333333333,313.2714273879078,-0.4571095005711701,0
36005016600,Bronx,Census Tract 166,2387,0.28568184341582026,8355.448744866979,0,2387.0,3102.1988078326453,0.5144476192029306,1
36005017500,Bronx,Census Tract 175,6444,0.15159023407518626,42509.33471613931,1,3222.0,357.28913196373185,-0.22270017543249834,0
36005018400,Bronx,Census Tract 184,3994,0.4474091178300395,8926.952627543968,1,1997.0,524.0455456710882,-0.3842376014880218,0
36005018900,Bronx,Census Tract 189,8375,0.35556671255449374,23553.9483992514,0,8375.0,1223.2044891673818,0.4786195336301942,1
36005019300,Bronx,Census Tract 193,5751,0.241283285815697,23835.053391940593,1,2875.5,893.332556900992,0.11026476122839533,0
36005019400,Bronx,Census Tract 194,1966,0.8401278236819385,2340.1200919448443,2,655.3333333333334,1287.8091935591815,-0.38454946244854576,0
36085024401,Staten Island,Census Tract 244.01,5678,2.272264366069612,2498.8289588070106,1,2839.0,1448.1364198820702,-0.02032339593824033,0
36005011800,Bronx,Census Tract 118,5538,3.86593735755843,1432.5115716560852,1,2769.0,3479.1622010444457,0.315228232254005,0
36005012102,Bronx,Census Tract 121.02,1495,0.04964099340343528,30116.238566179505,0,1495.0,1232.4746113143547,0.17410896158360423,0
36005012300,Bronx,Census Tract 123,4092,0.303324820883284,13490.488473986625,0,4092.0,2170.9229638530355,0.5255010191763486,1
36005012500,Bronx,Census Tract 125,4146,0.16963665458988325,24440.47255013044,0,4146.0,1342.1107666004204,0.3881406991898282,0
36005012701,Bronx,Census Tract 127.01,2385,0.10871632266080579,21937.82811658544,1,1192.5,631.9143295089461,-0.2508575516873823,0
36047076800,Brooklyn,Census Tract 768,3998,0.30336091446948854,13179.021453675474,0,3998.0,960.2928127743401,0.11634964691532483,0
36047094600,Brooklyn,Census Tract 946,1985,0.2817692233141882,7044.772231162436,2,661.6666666666666,469.3662618729116,-0.6996239893470428,0
36047119800,Brooklyn,Census Tract 1198,4170,0.32690147973458694,12756.136813408264,0,4170.0,2527.845041348834,0.5950416359349474,1
36005040900,Bronx,Census Tract 409,3392,1.1714644021379284,2895.5211902381184,2,1130.6666666666667,564.4326225097877,-0.6449970555682211,0
36005041100,Bronx,Census Tract 411,3793,0.12161258804253974,31189.205501269484,0,3793.0,1542.3489711252937,0.4779727290526443,1
36005041300,Bronx,Census Tract 413,8001,0.17335502206366632,46153.84027964044,0,8001.0,822.6786285157746,0.3835566250081499,0
36005041400,Bronx,Census Tract 414,5318,0.5243571548457517,10141.942282764077,1,2659.0,653.4329423636924,-0.19746572510160887,0
36005041800,Bronx,Census Tract 418,3713,0.268865339459704,13809.88716307363,0,3713.0,2003.4834982612424,0.47022219860433645,1
36005040800,Bronx,Census Tract 408,4438,0.12401316370123924,35786.523523354415,0,4438.0,766.1587071357648,0.18835021106688923,0
36005041900,Bronx,Census Tract 419,6219,0.3259034206722779,19082.34036688343,0,6219.0,855.4756753606538,0.20879328055070623,0
36005042100,Bronx,Census Tract 421,5954,0.24617931815360447,24185.622271831056,0,5954.0,867.0347583143381,0.24497346658389452,0
36005042200,Bronx,Census Tract 422,2836,0.17469232513712496,16234.256414950562,0,2836.0,1191.0172744230078,0.18650868903382908,0
36005042300,Bronx,Census Tract 423,4378,0.18037351102753768,24271.856632715928,2,1459.3333333333333,382.2925441430708,-0.4402555000046869,0
36005042400,Bronx,Census Tract 424,2626,0.1750859319795134,14998.349497932622,0,2626.0,2240.161563975515,0.46849733319184955,1
36005042500,Bronx,Census Tract 425,6749,0.29381473278870773,22970.257263625503,1,3374.5,883.1933326439718,0.1309938407578664,0
36005042600,Bronx,Census Tract 426,7627,0.5075713821918836,15026.457888669282,1,3813.5,767.7665430016617,0.018192528813238,0
36005042902,Bronx,Census Tract 429.02,3898,0.09457393466635323,41216.430444093596,0,3898.0,1307.471799395481,0.44748570492198003,1
36005043000,Bronx,Census Tract 430,3287,0.2061612448625343,15943.830772809555,0,3287.0,2614.0922734219776,0.5995957351492954,1
36005035100,Bronx,Census Tract 351,3723,0.5804611814131393,6413.865593796151,0,3723.0,1759.8230561301727,0.28284240290484114,0
36005035600,Bronx,Census Tract 356,2074,0.40435379074990735,5129.171649791131,0,2074.0,1469.7617848434802,0.04000008741561803,0
36005035800,Bronx,Census Tract 358,7495,0.6514603643333946,11504.920959649236,2,2498.3333333333335,925.7293976100518,-0.01861636392729384,0
36005035900,Bronx,Census Tract 359,3261,0.13433072189332396,24275.906166793757,0,3261.0,1123.0491886861587,0.2510234078265112,0
36005036100,Bronx,Census Tract 361,5093,0.16483160488025944,30898.20064361909,0,5093.0,711.636285036287,0.15612795527601198,0
36005036300,Bronx,Census Tract 363,6423,0.2214621359036624,29002.70050133559,3,1605.75,81.08977159387052,-1.1496108768453344,0
36005036502,Bronx,Census Tract 365.02,2557,0.09765743837485116,26183.36137576266,0,2557.0,664.2055554504888,-0.04371989906781427,0
36005036700,Bronx,Census Tract 367,2647,0.09306083739799788,28443.75866380231,0,2647.0,1297.6185516640815,0.30551982309136855,0
36005036902,Bronx,Census Tract 369.02,2316,0.06240588446080417,37111.88488089823,0,2316.0,879.6364948093167,0.13069651422680698,0
36005043600,Bronx,Census Tract 436,2397,0.15476665779321724,15487.83203164222,0,2397.0,2173.8046339437283,0.4404970769183753,1
36005044200,Bronx,Census Tract 442,4055,0.24183078886404794,16767.922806883096,0,4055.0,2486.1112352234845,0.625504172743388,1
36005044800,Bronx,Census Tract 448,2449,0.16808755174587967,14569.7880334558,0,2449.0,2396.6184961854187,0.48288069389151594,1
36005045102,Bronx,Census Tract 451.02,1973,0.20599701835754025,9577.808532041701,0,1973.0,1049.604630968461,-0.03431013022320937,0
36005045800,Bronx,Census Tract 458,5671,0.2396789719955153,23660.815768627846,1,2835.5,645.2925002470413,-0.05342753861348994,0
36005037200,Bronx,Census Tract 372,2069,0.1865272502697746,11092.2130520211,0,2069.0,667.7328263507766,-0.22300080828616697,0
36005037000,Bronx,Census Tract 370,2228,0.1588843051246901,14022.782163735417,0,2228.0,1856.4959202917569,0.3321111507637638,0
36005037300,Bronx,Census Tract 373,6511,0.17344982519019772,37538.23327789644,1,3255.5,557.6129669525735,-0.02244035495389905,0
36005037400,Bronx,Census Tract 374,3707,0.16706971180129992,22188.34257886807,2,1235.6666666666667,355.31514208043194,-0.524256983445309,0
36005050400,Bronx,Census Tract 504,0,16.19767505159397,0.0,8,0.0,707.880703274488,-3.2456714648413167,0
36005004100,Bronx,Census Tract 41,6272,0.18472983584199365,33952.28481318349,1,3136.0,898.8152724965875,0.18809093613463826,0
36005011900,Bronx,Census Tract 119,5889,0.16699390268510753,35264.76060089815,2,1963.0,423.0399350429154,-0.27021620570085353,0
36005024400,Bronx,Census Tract 244,2168,0.1757159737872292,12338.092851052836,0,2168.0,677.6299798231007,-0.1890991090286859,0
36005031200,Bronx,Census Tract 312,1649,0.20205783216296036,8161.029851444094,0,1649.0,1649.9653301521616,0.12572743639167802,0
36005031400,Bronx,Census Tract 314,2186,0.21118948518698488,10350.894117974383,0,2186.0,2038.5430205323219,0.32505314259982704,0
36005032800,Bronx,Census Tract 328,4056,0.20467214241476547,19817.05938163567,0,4056.0,1392.5185017669342,0.36785350315949944,0
36005039800,Bronx,Census Tract 398,3528,0.20185363479740784,17478.01075537187,0,3528.0,2327.144207806806,0.5716332738466451,1
36047088400,Brooklyn,Census Tract 884,5493,0.16705880678752158,32880.6370979677,0,5493.0,1494.8585561357504,0.5459652929048681,1
36047088600,Brooklyn,Census Tract 886,3997,0.1797241053109113,22239.64333045611,1,1998.5,540.5112087868482,-0.22106170647350196,0
36047089000,Brooklyn,Census Tract 890,6919,0.2484149016237247,27852.59642145077,1,3459.5,486.52500124802856,-0.1254136821219574,0
36047089200,Brooklyn,Census Tract 892,3642,0.17966263856355946,20271.326465638907,0,3642.0,1669.7384832972582,0.43896532517054804,1
36047089400,Brooklyn,Census Tract 894,3717,0.1722136099264759,21583.65997662391,0,3717.0,599.9393282016674,-0.049401267994322116,0
36047089600,Brooklyn,Census Tract 896,3660,0.1490235188399679,24559.881745446968,0,3660.0,1090.3392837379154,0.2617046193587918,0
36047004500,Brooklyn,Census Tract 45,3547,0.1705379115238161,20798.894323885583,0,3547.0,1317.1664643469956,0.3212741925016594,0
36047004700,Brooklyn,Census Tract 47,2001,0.2839603265323424,7046.759047067411,1,1000.5,785.6007001206749,-0.3633697511572482,0
36047004900,Brooklyn,Census Tract 49,2875,0.09753007391207756,29478.086960046654,0,2875.0,685.8680238709031,0.014904609609169117,0
36047005000,Brooklyn,Census Tract 50,2542,0.7595972348650868,3346.5103390634226,0,2542.0,2667.456527429596,0.3047766856991619,0
36047005201,Brooklyn,Census Tract 52.01,1713,0.3259727321024343,5255.040778876263,0,1713.0,2241.355484838068,0.2126284531414393,0
36047005400,Brooklyn,Census Tract 54,3293,0.287017743590654,11473.158275177897,2,1097.6666666666667,74.11310560690366,-1.4202784471622898,0
36047005602,Brooklyn,Census Tract 56.02,1781,0.4914220399459038,3624.176075204226,1,890.5,1201.07570244203,-0.28609510047334935,0
36047005900,Brooklyn,Census Tract 59,1463,0.35515897550283493,4119.282070595797,0,1463.0,1072.6767600546311,-0.22067091520361734,0
36047006000,Brooklyn,Census Tract 60,2979,0.15225978084526526,19565.245552451066,0,2979.0,2048.337645022683,0.49304027066402284,1
36047006300,Brooklyn,Census Tract 63,2038,0.10315101241366934,19757.44059425178,1,1019.0,561.1793422802906,-0.3578091243252041,0
36047006400,Brooklyn,Census Tract 64,3427,0.20317521632833582,16867.214722005705,0,3427.0,1727.4636228718546,0.4135962849900983,0
36047006500,Brooklyn,Census Tract 65,6193,0.24998561682941658,24773.425281607044,0,6193.0,844.841448391451,0.24408159270395804,0
36047006600,Brooklyn,Census Tract 66,4064,0.15374060982549553,26434.13477163174,1,2032.0,788.0194082103319,-0.004678430227361289,0
36047006700,Brooklyn,Census Tract 67,3912,0.15613873534883707,25054.641253882404,1,1956.0,411.8259810097357,-0.33947955069346275,0
36047006800,Brooklyn,Census Tract 68,3914,0.18550780055951754,21098.843219502505,0,3914.0,1076.5515069065896,0.24440409566214993,0
36047007000,Brooklyn,Census Tract 70,2681,0.14919578731629934,17969.67627722761,0,2681.0,608.3334881053208,-0.1382545103491094,0
36047007100,Brooklyn,Census Tract 71,4379,0.1713569927980099,25554.83688466583,1,2189.5,532.8876660377567,-0.18709250640195976,0
36047007200,Brooklyn,Census Tract 72,1865,0.06248857247016578,29845.45695759678,0,1865.0,904.2584833091457,0.06521998292418503,0
36047007500,Brooklyn,Census Tract 75,4707,0.28278030682227634,16645.430698108292,1,2353.5,787.4888934752063,-0.050262222021945135,0
36047008400,Brooklyn,Census Tract 84,3154,0.24390877376540904,12931.064148735833,0,3154.0,2269.7187432573805,0.4879193623121951,1
36081038302,Queens,Census Tract 383.02,0,5.762919548701073,0.0,15,0.0,992.4859947753865,-3.0797503044224386,0
36047008500,Brooklyn,Census Tract 85,7631,0.2435742765909101,31329.25244325566,1,3815.5,790.6173072415619,0.15170482112970454,0
36047008600,Brooklyn,Census Tract 86,0,0.11354293323998822,0.0,1,0.0,365.00156908688285,-3.5706240327871512,0
36047008800,Brooklyn,Census Tract 88,2497,0.18936830592415888,13185.944647992135,0,2497.0,1358.6574638622037,0.19179641071255382,0
36047009600,Brooklyn,Census Tract 96,5917,0.15074981078865415,39250.46385826263,0,5917.0,644.4052900324552,0.1764648651302103,0
36047009800,Brooklyn,Census Tract 98,6759,0.15100520880554952,44760.0453882595,0,6759.0,1664.3327105378694,0.6905776653246699,1
36047010000,Brooklyn,Census Tract 100,5510,0.15097025049603657,36497.25678997038,0,5510.0,1825.6639949742198,0.6617035790984804,1
36047010100,Brooklyn,Census Tract 101,4577,0.3147276622581705,14542.731856361248,0,4577.0,3106.418887868626,0.7363615978248097,1
36047011000,Brooklyn,Census Tract 110,2697,0.15805788248253633,17063.36917614969,0,2697.0,2319.295483542157,0.5118361705823506,1
36047011200,Brooklyn,Census Tract 112,6478,0.17131326801992783,37813.76699466415,0,6478.0,2218.4128987167815,0.7958714040117344,1
36047011400,Brooklyn,Census Tract 114,4085,0.1677931940608583,24345.44513479121,0,4085.0,1059.113507236414,0.26820404129393555,0
36047011600,Brooklyn,Census Tract 116,3344,0.16026656780695922,20865.237496243393,1,1672.0,856.9156328091019,-0.04122126051697717,0
36047011700,Brooklyn,Census Tract 117,3140,0.20119424258084376,15606.808424144081,0,3140.0,2736.006575389516,0.6092930090141448,1
36047012000,Brooklyn,Census Tract 120,1291,0.1933426634933109,6677.263965822344,0,1291.0,593.0168814386074,-0.4586742539425294,0
36047012100,Brooklyn,Census Tract 121,2057,0.14805469937422278,13893.513739815382,0,2057.0,1872.7945198143684,0.31877915897227255,0
36047012700,Brooklyn,Census Tract 127,4037,0.16338902620548332,24707.90171013651,0,4037.0,1340.079748936364,0.3837780550744048,0
36047012901,Brooklyn,Census Tract 129.01,2377,0.1285679368348691,18488.279881577208,1,1188.5,675.5164203483985,-0.24649609032879094,0
36047012902,Brooklyn,Census Tract 129.02,3452,0.13537930446138147,25498.727547272363,0,3452.0,913.9756206003733,0.16931714782963114,0
36047013100,Brooklyn,Census Tract 131,3434,0.1563951965097617,21957.196107270855,1,1717.0,395.1671449482888,-0.4074179922474757,0
36047013200,Brooklyn,Census Tract 132,2315,0.1557782899027349,14860.864125838352,1,1157.5,586.0109569828898,-0.35696705914066534,0
36047013400,Brooklyn,Census Tract 134,4229,0.2682324058367213,15766.178537630836,0,4229.0,1463.084390555681,0.36353402482235814,0
36047013600,Brooklyn,Census Tract 136,3804,0.21425322865088942,17754.69160466352,0,3804.0,1640.4318743616684,0.4175859012980629,0
36047013700,Brooklyn,Census Tract 137,3217,0.15245254419945492,21101.648495883233,0,3217.0,940.8729980276391,0.13866111441064088,0
36047013800,Brooklyn,Census Tract 138,3635,0.16258006576403075,22358.21459978895,0,3635.0,2582.2673609524813,0.6686690796295806,1
36081044400,Queens,Census Tract 444,3925,0.8971196406821556,4375.113220144743,0,3925.0,1111.5812770039704,0.005884698731000504,0
36081058200,Queens,Census Tract 582,5568,0.5636441351803169,9878.573469444025,1,2784.0,1466.2250511826978,0.2044247294309809,0
36081108500,Queens,Census Tract 1085,2766,0.44481065406058123,6218.376234358998,1,1383.0,1149.165868485028,-0.13150074826628674,0
36081109300,Queens,Census Tract 1093,3043,1.5288131589463114,1990.4328937731648,2,1014.3333333333334,897.0821191916517,-0.5001649642843655,0
36081141700,Queens,Census Tract 1417,4486,0.8922708297562395,5027.62149158853,0,4486.0,1169.8425923236716,0.0804727304185905,0
36081006202,Queens,Census Tract 62.02,6830,1.1957867602830503,5711.720707112776,2,2276.6666666666665,1276.0680894585664,0.006833752223065981,0
36061016900,Manhattan,Census Tract 169,8202,0.18000011087407702,45566.63859911668,0,8202.0,1207.1924261002732,0.5748156963550076,1
36061016400,Manhattan,Census Tract 164,7850,0.17738214914369493,44254.73497697234,1,3925.0,780.3533398916036,0.2069528736159559,0
